[1920.0, 7680.0, 9600.0, 9600.0, 9600.0, 9600.0, 9600.0, 9600.0, 9600.0, 9600.0, 9600.0, 2400.0, 1374.0, 2902.0, 2416.0, 3144.0, 5425.0, 4848.0, 5156.0, 7327.0, 4527.0, 4190.0, 7680.0, 2400.0]
[1920.0, 7680.0, 9600.0, 9600.0, 9600.0, 9600.0, 9600.0, 9600.0, 9600.0, 9600.0, 9600.0, 2400.0, 1362.0, 2870.0, 2541.0, 2815.0, 5155.0, 4793.0, 5102.0, 7617.0, 4867.0, 4475.0, 7680.0, 2400.0]
[1920.0, 7680.0, 9600.0, 9600.0, 9600.0, 9600.0, 9600.0, 9600.0, 9600.0, 9600.0, 9600.0, 2400.0, 1368.0, 2913.0, 3142.0, 3126.0, 5040.0, 4780.0, 6022.0, 8169.0, 6216.0, 5226.0, 7808.0, 2400.0]
[1920.0, 7680.0, 9600.0, 9600.0, 9600.0, 9600.0, 9600.0, 9600.0, 9600.0, 9600.0, 9600.0, 2400.0, 1406.0, 3017.0, 3279.0, 3255.0, 5037.0, 4770.0, 6039.0, 8012.0, 6210.0, 5011.0, 8000.0, 2400.0]
[1920.0, 7680.0, 9600.0, 9600.0, 9600.0, 9600.0, 9600.0, 9600.0, 9600.0, 9600.0, 9600.0, 2400.0, 1416.0, 3044.0, 3279.0, 3193.0, 5037.0, 4748.0, 5988.0, 7817.0, 6032.0, 5021.0, 8240.0, 2400.0]
[1920.0, 7680.0, 9600.0, 9600.0, 9600.0, 9600.0, 9600.0, 9600.0, 9600.0, 9600.0, 9600.0, 2400.0, 1414.0, 3035.0, 3283.0, 3184.0, 5034.0, 4746.0, 5973.0, 7699.0, 5925.0, 4967.0, 8384.0, 2400.0]
[1920.0, 7680.0, 9600.0, 9600.0, 9600.0, 9600.0, 9600.0, 9600.0, 9600.0, 9600.0, 9600.0, 2400.0, 1418.0, 3036.0, 3296.0, 3196.0, 5038.0, 4731.0, 5950.0, 7604.0, 5868.0, 5395.0, 8496.0, 2400.0]
[1920.0, 7680.0, 9600.0, 9600.0, 9600.0, 9600.0, 9600.0, 9600.0, 9600.0, 9600.0, 9600.0, 2400.0, 1420.0, 3044.0, 3324.0, 3200.0, 5036.0, 4701.0, 5883.0, 7452.0, 5718.0, 5449.0, 8536.0, 2400.0]
[1920.0, 7680.0, 9600.0, 9600.0, 9600.0, 9600.0, 9600.0, 9600.0, 9600.0, 9600.0, 9600.0, 2400.0, 1418.0, 3020.0, 3309.0, 3192.0, 5028.0, 4705.0, 5894.0, 7432.0, 5663.0, 5431.0, 8552.0, 2400.0]
[1920.0, 7680.0, 9600.0, 9600.0, 9600.0, 9600.0, 9600.0, 9600.0, 9600.0, 9600.0, 9600.0, 2400.0, 1420.0, 3010.0, 3298.0, 3192.0, 5024.0, 4678.0, 5855.0, 7306.0, 5569.0, 5389.0, 8560.0, 2400.0]
[1920.0, 7680.0, 9600.0, 9600.0, 9600.0, 9600.0, 9600.0, 9600.0, 9600.0, 9600.0, 9600.0, 2400.0, 1416.0, 3001.0, 3303.0, 3191.0, 5014.0, 4675.0, 5868.0, 7344.0, 5634.0, 5478.0, 8584.0, 2400.0]
[1920.0, 7680.0, 9600.0, 9600.0, 9600.0, 9600.0, 9600.0, 9600.0, 9600.0, 9600.0, 9600.0, 2400.0, 1412.0, 3001.0, 3316.0, 3180.0, 5023.0, 4691.0, 5923.0, 7347.0, 5594.0, 5486.0, 8592.0, 2400.0]
[1920.0, 7680.0, 9600.0, 9600.0, 9600.0, 9600.0, 9600.0, 9600.0, 9600.0, 9600.0, 9600.0, 2400.0, 1412.0, 2986.0, 3304.0, 3186.0, 5036.0, 4698.0, 5928.0, 7257.0, 5517.0, 5539.0, 8624.0, 2400.0]
[1920.0, 7680.0, 9600.0, 9600.0, 9600.0, 9600.0, 9600.0, 9600.0, 9600.0, 9600.0, 9600.0, 2400.0, 1422.0, 3014.0, 3311.0, 3203.0, 5035.0, 4683.0, 5881.0, 7227.0, 5486.0, 5525.0, 8608.0, 2400.0]
[1920.0, 7680.0, 9600.0, 9600.0, 9600.0, 9600.0, 9600.0, 9600.0, 9600.0, 9600.0, 9600.0, 2400.0, 1416.0, 3013.0, 3331.0, 3171.0, 5028.0, 4654.0, 5874.0, 7167.0, 5444.0, 5565.0, 8576.0, 2400.0]
[1920.0, 7680.0, 9600.0, 9600.0, 9600.0, 9600.0, 9600.0, 9600.0, 9600.0, 9600.0, 9600.0, 2400.0, 1422.0, 3020.0, 3319.0, 3202.0, 5030.0, 4620.0, 5782.0, 7185.0, 5505.0, 5595.0, 8608.0, 2400.0]
[1920.0, 7680.0, 9600.0, 9600.0, 9600.0, 9600.0, 9600.0, 9600.0, 9600.0, 9600.0, 9600.0, 2400.0, 1422.0, 3004.0, 3294.0, 3214.0, 5032.0, 4665.0, 5792.0, 7256.0, 5555.0, 5547.0, 8640.0, 2400.0]
[1920.0, 7680.0, 9600.0, 9600.0, 9600.0, 9600.0, 9600.0, 9600.0, 9600.0, 9600.0, 9600.0, 2400.0, 1410.0, 2984.0, 3301.0, 3191.0, 5022.0, 4623.0, 5698.0, 7121.0, 5460.0, 5556.0, 8616.0, 2400.0]
[1920.0, 7680.0, 9600.0, 9600.0, 9600.0, 9600.0, 9600.0, 9600.0, 9600.0, 9600.0, 9600.0, 2400.0, 1420.0, 3020.0, 3330.0, 3201.0, 5025.0, 4604.0, 5698.0, 7171.0, 5534.0, 5724.0, 8624.0, 2400.0]
[1920.0, 7680.0, 9600.0, 9600.0, 9600.0, 9600.0, 9600.0, 9600.0, 9600.0, 9600.0, 9600.0, 2400.0, 1430.0, 3042.0, 3330.0, 3218.0, 5024.0, 4601.0, 5731.0, 7132.0, 5491.0, 5906.0, 8624.0, 2400.0]
[1920.0, 7680.0, 9600.0, 9600.0, 9600.0, 9600.0, 9600.0, 9600.0, 9600.0, 9600.0, 9600.0, 2400.0, 1426.0, 3026.0, 3312.0, 3201.0, 5025.0, 4533.0, 5717.0, 7141.0, 5486.0, 6050.0, 8640.0, 2400.0]
[1920.0, 7680.0, 9600.0, 9600.0, 9600.0, 9600.0, 9600.0, 9600.0, 9600.0, 9600.0, 9600.0, 2400.0, 1426.0, 3047.0, 3316.0, 3203.0, 5014.0, 4481.0, 5654.0, 7018.0, 5465.0, 6059.0, 8616.0, 2400.0]
[1920.0, 7680.0, 9600.0, 9600.0, 9600.0, 9600.0, 9600.0, 9600.0, 9600.0, 9600.0, 9600.0, 2400.0, 1424.0, 3048.0, 3303.0, 3185.0, 5013.0, 4409.0, 5663.0, 6985.0, 5458.0, 6128.0, 8600.0, 2400.0]
[1920.0, 7680.0, 9600.0, 9600.0, 9600.0, 9600.0, 9600.0, 9600.0, 9600.0, 9600.0, 9600.0, 2400.0, 1412.0, 3038.0, 3309.0, 3167.0, 5009.0, 4405.0, 5697.0, 7033.0, 5503.0, 6287.0, 8624.0, 2400.0]
[1920.0, 7680.0, 9600.0, 9600.0, 9600.0, 9600.0, 9600.0, 9600.0, 9600.0, 9600.0, 9600.0, 2400.0, 1412.0, 3057.0, 3300.0, 3141.0, 5011.0, 4398.0, 5703.0, 6987.0, 5434.0, 6261.0, 8616.0, 2400.0]
[1920.0, 7680.0, 9600.0, 9600.0, 9600.0, 9600.0, 9600.0, 9600.0, 9600.0, 9600.0, 9600.0, 2400.0, 1416.0, 3072.0, 3296.0, 3126.0, 5032.0, 4394.0, 5655.0, 7024.0, 5480.0, 6339.0, 8640.0, 2400.0]
[1920.0, 7680.0, 9600.0, 9600.0, 9600.0, 9600.0, 9600.0, 9600.0, 9600.0, 9600.0, 9600.0, 2400.0, 1422.0, 3094.0, 3287.0, 3094.0, 5011.0, 4380.0, 5688.0, 7007.0, 5467.0, 6326.0, 8592.0, 2400.0]
[1920.0, 7680.0, 9600.0, 9600.0, 9600.0, 9600.0, 9600.0, 9600.0, 9600.0, 9600.0, 9600.0, 2400.0, 1424.0, 3122.0, 3275.0, 3092.0, 5005.0, 4353.0, 5640.0, 6975.0, 5461.0, 6359.0, 8640.0, 2400.0]
[1920.0, 7680.0, 9600.0, 9600.0, 9600.0, 9600.0, 9600.0, 9600.0, 9600.0, 9600.0, 9600.0, 2400.0, 1424.0, 3112.0, 3252.0, 3119.0, 5002.0, 4352.0, 5655.0, 6950.0, 5438.0, 6413.0, 8640.0, 2400.0]
[1920.0, 7680.0, 9600.0, 9600.0, 9600.0, 9600.0, 9600.0, 9600.0, 9600.0, 9600.0, 9600.0, 2400.0, 1420.0, 3111.0, 3257.0, 3136.0, 5012.0, 4359.0, 5707.0, 6986.0, 5465.0, 6503.0, 8624.0, 2400.0]
[1920.0, 7680.0, 9600.0, 9600.0, 9600.0, 9600.0, 9600.0, 9600.0, 9600.0, 9600.0, 9600.0, 2400.0, 1420.0, 3121.0, 3260.0, 3153.0, 4996.0, 4306.0, 5561.0, 6936.0, 5455.0, 6450.0, 8608.0, 2400.0]
[1920.0, 7680.0, 9600.0, 9600.0, 9600.0, 9600.0, 9600.0, 9600.0, 9600.0, 9600.0, 9600.0, 2400.0, 1424.0, 3131.0, 3252.0, 3202.0, 4994.0, 4295.0, 5559.0, 6932.0, 5510.0, 6507.0, 8624.0, 2400.0]
[1920.0, 7680.0, 9600.0, 9600.0, 9600.0, 9600.0, 9600.0, 9600.0, 9600.0, 9600.0, 9600.0, 2400.0, 1420.0, 3129.0, 3253.0, 3174.0, 4992.0, 4283.0, 5444.0, 6909.0, 5508.0, 6514.0, 8616.0, 2400.0]
[1920.0, 7680.0, 9600.0, 9600.0, 9600.0, 9600.0, 9600.0, 9600.0, 9600.0, 9600.0, 9600.0, 2400.0, 1420.0, 3103.0, 3233.0, 3031.0, 4984.0, 4282.0, 5425.0, 6925.0, 5490.0, 6569.0, 8632.0, 2400.0]
[1920.0, 7680.0, 9600.0, 9600.0, 9600.0, 9600.0, 9600.0, 9600.0, 9600.0, 9600.0, 9600.0, 2400.0, 1418.0, 3108.0, 3241.0, 3131.0, 4974.0, 4268.0, 5423.0, 6929.0, 5484.0, 6572.0, 8624.0, 2400.0]
[1920.0, 7680.0, 9600.0, 9600.0, 9600.0, 9600.0, 9600.0, 9600.0, 9600.0, 9600.0, 9600.0, 2400.0, 1420.0, 3099.0, 3231.0, 3133.0, 4964.0, 4244.0, 5405.0, 6961.0, 5528.0, 6565.0, 8624.0, 2400.0]
[1920.0, 7680.0, 9600.0, 9600.0, 9600.0, 9600.0, 9600.0, 9600.0, 9600.0, 9600.0, 9600.0, 2400.0, 1414.0, 3100.0, 3240.0, 3048.0, 4931.0, 4247.0, 5453.0, 6910.0, 5460.0, 6572.0, 8640.0, 2400.0]
[1920.0, 7680.0, 9600.0, 9600.0, 9600.0, 9600.0, 9600.0, 9600.0, 9600.0, 9600.0, 9600.0, 2400.0, 1436.0, 3155.0, 3267.0, 3091.0, 4900.0, 4245.0, 5430.0, 6905.0, 5549.0, 6581.0, 8640.0, 2400.0]
[1920.0, 7680.0, 9600.0, 9600.0, 9600.0, 9600.0, 9600.0, 9600.0, 9600.0, 9600.0, 9600.0, 2400.0, 1424.0, 3120.0, 3247.0, 2908.0, 4951.0, 4211.0, 5415.0, 6912.0, 5515.0, 6569.0, 8624.0, 2400.0]
[1920.0, 7680.0, 9600.0, 9600.0, 9600.0, 9600.0, 9600.0, 9600.0, 9600.0, 9600.0, 9600.0, 2400.0, 1420.0, 3109.0, 3241.0, 2941.0, 4942.0, 4228.0, 5437.0, 6895.0, 5473.0, 6576.0, 8624.0, 2400.0]
[1920.0, 7680.0, 9600.0, 9600.0, 9600.0, 9600.0, 9600.0, 9600.0, 9600.0, 9600.0, 9600.0, 2400.0, 1430.0, 3154.0, 3268.0, 3065.0, 4901.0, 4219.0, 5411.0, 6869.0, 5522.0, 6593.0, 8632.0, 2400.0]
[1920.0, 7680.0, 9600.0, 9600.0, 9600.0, 9600.0, 9600.0, 9600.0, 9600.0, 9600.0, 9600.0, 2400.0, 1416.0, 3104.0, 3238.0, 3031.0, 4907.0, 4223.0, 5401.0, 6833.0, 5448.0, 6570.0, 8632.0, 2400.0]
[1920.0, 7680.0, 9600.0, 9600.0, 9600.0, 9600.0, 9600.0, 9600.0, 9600.0, 9600.0, 9600.0, 2400.0, 1418.0, 3118.0, 3242.0, 3019.0, 4898.0, 4205.0, 5389.0, 6814.0, 5458.0, 6567.0, 8632.0, 2400.0]
[1920.0, 7680.0, 9600.0, 9600.0, 9600.0, 9600.0, 9600.0, 9600.0, 9600.0, 9600.0, 9600.0, 2400.0, 1420.0, 3119.0, 3195.0, 3097.0, 4887.0, 4197.0, 5113.0, 6429.0, 5602.0, 6815.0, 9096.0, 2400.0]
[1920.0, 7680.0, 9600.0, 9600.0, 9600.0, 9600.0, 9600.0, 9600.0, 9600.0, 9600.0, 9600.0, 2400.0, 1414.0, 3083.0, 3229.0, 3158.0, 4851.0, 4233.0, 4898.0, 6035.0, 5736.0, 7123.0, 9576.0, 2400.0]
[1920.0, 7680.0, 9600.0, 9600.0, 9600.0, 9600.0, 9600.0, 9600.0, 9600.0, 9600.0, 9600.0, 2400.0, 1418.0, 3094.0, 3172.0, 3191.0, 4827.0, 4211.0, 4959.0, 6196.0, 5787.0, 7134.0, 9592.0, 2400.0]
[1920.0, 7680.0, 9600.0, 9600.0, 9600.0, 9600.0, 9600.0, 9600.0, 9600.0, 9600.0, 9600.0, 2400.0, 1422.0, 3094.0, 3130.0, 3198.0, 4802.0, 4209.0, 5052.0, 6313.0, 5838.0, 7142.0, 9584.0, 2400.0]
[1920.0, 7680.0, 9600.0, 9600.0, 9600.0, 9600.0, 9600.0, 9600.0, 9600.0, 9600.0, 9600.0, 2400.0, 1424.0, 3096.0, 3190.0, 3207.0, 4797.0, 4210.0, 4909.0, 6041.0, 5887.0, 7173.0, 9592.0, 2400.0]
[1920.0, 7680.0, 9600.0, 9600.0, 9600.0, 9600.0, 9600.0, 9600.0, 9600.0, 9600.0, 9600.0, 2400.0, 1416.0, 3053.0, 3193.0, 3177.0, 4769.0, 4175.0, 4852.0, 5982.0, 5862.0, 7140.0, 9576.0, 2400.0]
[1920.0, 7680.0, 9600.0, 9600.0, 9600.0, 9600.0, 9600.0, 9600.0, 9600.0, 9600.0, 9600.0, 2400.0, 1418.0, 3050.0, 3205.0, 3184.0, 4757.0, 4198.0, 4903.0, 5986.0, 5895.0, 7169.0, 9592.0, 2400.0]
[1920.0, 7680.0, 9600.0, 9600.0, 9600.0, 9600.0, 9600.0, 9600.0, 9600.0, 9600.0, 9600.0, 2400.0, 1424.0, 3048.0, 3219.0, 3200.0, 4747.0, 4186.0, 4941.0, 5997.0, 6009.0, 7168.0, 9576.0, 2400.0]
[1920.0, 7680.0, 9600.0, 9600.0, 9600.0, 9600.0, 9600.0, 9600.0, 9600.0, 9600.0, 9600.0, 2400.0, 1418.0, 3015.0, 3197.0, 3194.0, 4755.0, 4180.0, 4901.0, 5943.0, 5968.0, 7189.0, 9600.0, 2400.0]
[1920.0, 7680.0, 9600.0, 9600.0, 9600.0, 9600.0, 9600.0, 9600.0, 9600.0, 9600.0, 9600.0, 2400.0, 1428.0, 3020.0, 3214.0, 3207.0, 4764.0, 4199.0, 4942.0, 5931.0, 6109.0, 7180.0, 9592.0, 2400.0]
[1920.0, 7680.0, 9600.0, 9600.0, 9600.0, 9600.0, 9600.0, 9600.0, 9600.0, 9600.0, 9600.0, 2400.0, 1420.0, 2974.0, 3185.0, 3192.0, 4700.0, 4150.0, 4855.0, 5939.0, 6099.0, 7175.0, 9584.0, 2400.0]
[1920.0, 7680.0, 9600.0, 9600.0, 9600.0, 9600.0, 9600.0, 9600.0, 9600.0, 9600.0, 9600.0, 2400.0, 1416.0, 2948.0, 3181.0, 3177.0, 4685.0, 4168.0, 4930.0, 5915.0, 6084.0, 7164.0, 9584.0, 2400.0]
[1920.0, 7680.0, 9600.0, 9600.0, 9600.0, 9600.0, 9600.0, 9600.0, 9600.0, 9600.0, 9600.0, 2400.0, 1422.0, 2949.0, 3178.0, 3187.0, 4687.0, 4168.0, 4891.0, 5873.0, 6038.0, 7193.0, 9600.0, 2400.0]
[1920.0, 7680.0, 9600.0, 9600.0, 9600.0, 9600.0, 9600.0, 9600.0, 9600.0, 9600.0, 9600.0, 2400.0, 1422.0, 2950.0, 3174.0, 3188.0, 4705.0, 4191.0, 4958.0, 5913.0, 6052.0, 7177.0, 9584.0, 2400.0]
[1920.0, 7680.0, 9600.0, 9600.0, 9600.0, 9600.0, 9600.0, 9600.0, 9600.0, 9600.0, 9600.0, 2400.0, 1422.0, 2950.0, 3181.0, 3181.0, 4690.0, 4170.0, 4926.0, 5880.0, 6078.0, 7187.0, 9600.0, 2400.0]
[1920.0, 7680.0, 9600.0, 9600.0, 9600.0, 9600.0, 9600.0, 9600.0, 9600.0, 9600.0, 9600.0, 2400.0, 1426.0, 2933.0, 3154.0, 3124.0, 4673.0, 4176.0, 4962.0, 5872.0, 6031.0, 7173.0, 9584.0, 2400.0]
[1920.0, 7680.0, 9600.0, 9600.0, 9600.0, 9600.0, 9600.0, 9600.0, 9600.0, 9600.0, 9600.0, 2400.0, 1428.0, 2954.0, 3173.0, 3192.0, 4692.0, 4171.0, 4920.0, 5841.0, 6071.0, 7155.0, 9592.0, 2400.0]
[1920.0, 7680.0, 9600.0, 9600.0, 9600.0, 9600.0, 9600.0, 9600.0, 9600.0, 9600.0, 9600.0, 2400.0, 1420.0, 2931.0, 3170.0, 3172.0, 4687.0, 4177.0, 4917.0, 5839.0, 6044.0, 7179.0, 9600.0, 2400.0]
[1920.0, 7680.0, 9600.0, 9600.0, 9600.0, 9600.0, 9600.0, 9600.0, 9600.0, 9600.0, 9600.0, 2400.0, 1420.0, 2924.0, 3157.0, 3163.0, 4672.0, 4168.0, 4921.0, 5869.0, 6101.0, 7153.0, 9584.0, 2400.0]
[1920.0, 7680.0, 9600.0, 9600.0, 9600.0, 9600.0, 9600.0, 9600.0, 9600.0, 9600.0, 9600.0, 2400.0, 1426.0, 2937.0, 3167.0, 3172.0, 4675.0, 4167.0, 4936.0, 5842.0, 6110.0, 7165.0, 9600.0, 2400.0]
[1920.0, 7680.0, 9600.0, 9600.0, 9600.0, 9600.0, 9600.0, 9600.0, 9600.0, 9600.0, 9600.0, 2400.0, 1418.0, 2919.0, 3145.0, 3151.0, 4659.0, 4172.0, 4921.0, 5776.0, 6086.0, 7161.0, 9592.0, 2400.0]
[1920.0, 7680.0, 9600.0, 9600.0, 9600.0, 9600.0, 9600.0, 9600.0, 9600.0, 9600.0, 9600.0, 2400.0, 1432.0, 2970.0, 3178.0, 3140.0, 4671.0, 4178.0, 4928.0, 5833.0, 6058.0, 7160.0, 9600.0, 2400.0]
[1920.0, 7680.0, 9600.0, 9600.0, 9600.0, 9600.0, 9600.0, 9600.0, 9600.0, 9600.0, 9600.0, 2400.0, 1420.0, 2929.0, 3166.0, 3153.0, 4642.0, 4167.0, 4913.0, 5816.0, 6086.0, 7145.0, 9584.0, 2400.0]
[1920.0, 7680.0, 9600.0, 9600.0, 9600.0, 9600.0, 9600.0, 9600.0, 9600.0, 9600.0, 9600.0, 2400.0, 1416.0, 2928.0, 3169.0, 3149.0, 4645.0, 4158.0, 4871.0, 5788.0, 6071.0, 7135.0, 9584.0, 2400.0]
[1920.0, 7680.0, 9600.0, 9600.0, 9600.0, 9600.0, 9600.0, 9600.0, 9600.0, 9600.0, 9600.0, 2400.0, 1424.0, 2933.0, 3149.0, 3172.0, 4640.0, 4171.0, 4890.0, 5820.0, 6092.0, 7133.0, 9584.0, 2400.0]
[1920.0, 7680.0, 9600.0, 9600.0, 9600.0, 9600.0, 9600.0, 9600.0, 9600.0, 9600.0, 9600.0, 2400.0, 1414.0, 2922.0, 3135.0, 3157.0, 4637.0, 4157.0, 4923.0, 5781.0, 6099.0, 7126.0, 9584.0, 2400.0]
[1920.0, 7680.0, 9600.0, 9600.0, 9600.0, 9600.0, 9600.0, 9600.0, 9600.0, 9600.0, 9600.0, 2400.0, 1428.0, 2950.0, 3079.0, 3181.0, 4626.0, 4165.0, 4894.0, 5775.0, 6203.0, 7119.0, 9592.0, 2400.0]
[1920.0, 7680.0, 9600.0, 9600.0, 9600.0, 9600.0, 9600.0, 9600.0, 9600.0, 9600.0, 9600.0, 2400.0, 1424.0, 2946.0, 3057.0, 3155.0, 4632.0, 4164.0, 4948.0, 5825.0, 6153.0, 7117.0, 9600.0, 2400.0]
[1920.0, 7680.0, 9600.0, 9600.0, 9600.0, 9600.0, 9600.0, 9600.0, 9600.0, 9600.0, 9600.0, 2400.0, 1418.0, 2932.0, 3049.0, 3145.0, 4624.0, 4184.0, 4946.0, 5796.0, 6131.0, 7130.0, 9600.0, 2400.0]
[1920.0, 7680.0, 9600.0, 9600.0, 9600.0, 9600.0, 9600.0, 9600.0, 9600.0, 9600.0, 9600.0, 2400.0, 1424.0, 2945.0, 3077.0, 3150.0, 4598.0, 4146.0, 4927.0, 5753.0, 6087.0, 7106.0, 9592.0, 2400.0]
[1920.0, 7680.0, 9600.0, 9600.0, 9600.0, 9600.0, 9600.0, 9600.0, 9600.0, 9600.0, 9600.0, 2400.0, 1416.0, 2926.0, 3031.0, 3121.0, 4609.0, 4179.0, 4938.0, 5776.0, 6101.0, 7103.0, 9584.0, 2400.0]
[1920.0, 7680.0, 9600.0, 9600.0, 9600.0, 9600.0, 9600.0, 9600.0, 9600.0, 9600.0, 9600.0, 2400.0, 1420.0, 2933.0, 3038.0, 3126.0, 4591.0, 4155.0, 4909.0, 5801.0, 6083.0, 7105.0, 9584.0, 2400.0]
[1920.0, 7680.0, 9600.0, 9600.0, 9600.0, 9600.0, 9600.0, 9600.0, 9600.0, 9600.0, 9600.0, 2400.0, 1428.0, 2946.0, 3086.0, 3144.0, 4589.0, 4173.0, 4942.0, 5745.0, 6126.0, 7117.0, 9600.0, 2400.0]
[1920.0, 7680.0, 9600.0, 9600.0, 9600.0, 9600.0, 9600.0, 9600.0, 9600.0, 9600.0, 9600.0, 2400.0, 1418.0, 2946.0, 3485.0, 3361.0, 4567.0, 4159.0, 4911.0, 5766.0, 6111.0, 7102.0, 9584.0, 2400.0]
[1920.0, 7680.0, 9600.0, 9600.0, 9600.0, 9600.0, 9600.0, 9600.0, 9600.0, 9600.0, 9600.0, 2400.0, 1418.0, 2923.0, 3649.0, 3439.0, 4578.0, 4177.0, 4961.0, 5758.0, 6087.0, 7118.0, 9600.0, 2400.0]
[1920.0, 7680.0, 9600.0, 9600.0, 9600.0, 9600.0, 9600.0, 9600.0, 9600.0, 9600.0, 9600.0, 2400.0, 1418.0, 2935.0, 3645.0, 3474.0, 4550.0, 4155.0, 4932.0, 5760.0, 6171.0, 7115.0, 9600.0, 2400.0]
[1920.0, 7680.0, 9600.0, 9600.0, 9600.0, 9600.0, 9600.0, 9600.0, 9600.0, 9600.0, 9600.0, 2400.0, 1412.0, 2922.0, 3628.0, 3444.0, 4526.0, 4158.0, 4927.0, 5768.0, 6145.0, 7104.0, 9600.0, 2400.0]
[1920.0, 7680.0, 9600.0, 9600.0, 9600.0, 9600.0, 9600.0, 9600.0, 9600.0, 9600.0, 9600.0, 2400.0, 1426.0, 2954.0, 3655.0, 3475.0, 4525.0, 4147.0, 4920.0, 5722.0, 6167.0, 7095.0, 9592.0, 2400.0]
[1920.0, 7680.0, 9600.0, 9600.0, 9600.0, 9600.0, 9600.0, 9600.0, 9600.0, 9600.0, 9600.0, 2400.0, 1422.0, 2945.0, 3649.0, 3482.0, 4526.0, 4172.0, 4933.0, 5738.0, 6153.0, 7090.0, 9592.0, 2400.0]
[1920.0, 7680.0, 9600.0, 9600.0, 9600.0, 9600.0, 9600.0, 9600.0, 9600.0, 9600.0, 9600.0, 2400.0, 1430.0, 2957.0, 3646.0, 3491.0, 4501.0, 4155.0, 4920.0, 5741.0, 6210.0, 7098.0, 9592.0, 2400.0]
[1920.0, 7680.0, 9600.0, 9600.0, 9600.0, 9600.0, 9600.0, 9600.0, 9600.0, 9600.0, 9600.0, 2400.0, 1426.0, 2948.0, 3639.0, 3511.0, 4485.0, 4149.0, 4918.0, 5724.0, 6139.0, 7085.0, 9592.0, 2400.0]
[1920.0, 7680.0, 9600.0, 9600.0, 9600.0, 9600.0, 9600.0, 9600.0, 9600.0, 9600.0, 9600.0, 2400.0, 1424.0, 2953.0, 3655.0, 3508.0, 4472.0, 4154.0, 4915.0, 5736.0, 6199.0, 7089.0, 9600.0, 2400.0]
[1920.0, 7680.0, 9600.0, 9600.0, 9600.0, 9600.0, 9600.0, 9600.0, 9600.0, 9600.0, 9600.0, 2400.0, 1416.0, 2918.0, 3619.0, 3503.0, 4462.0, 4144.0, 4927.0, 5702.0, 6109.0, 7075.0, 9576.0, 2400.0]
[1920.0, 7680.0, 9600.0, 9600.0, 9600.0, 9600.0, 9600.0, 9600.0, 9600.0, 9600.0, 9600.0, 2400.0, 1418.0, 2929.0, 3641.0, 3532.0, 4478.0, 4165.0, 4934.0, 5730.0, 6119.0, 7087.0, 9600.0, 2400.0]
[1920.0, 7680.0, 9600.0, 9600.0, 9600.0, 9600.0, 9600.0, 9600.0, 9600.0, 9600.0, 9600.0, 2400.0, 1428.0, 2958.0, 3654.0, 3517.0, 4437.0, 4135.0, 4910.0, 5695.0, 6118.0, 7063.0, 9576.0, 2400.0]
[1920.0, 7680.0, 9600.0, 9600.0, 9600.0, 9600.0, 9600.0, 9600.0, 9600.0, 9600.0, 9600.0, 2400.0, 1424.0, 2939.0, 3660.0, 3530.0, 4427.0, 4148.0, 4923.0, 5688.0, 6128.0, 7074.0, 9600.0, 2400.0]
[1920.0, 7680.0, 9600.0, 9600.0, 9600.0, 9600.0, 9600.0, 9600.0, 9600.0, 9600.0, 9600.0, 2400.0, 1422.0, 2939.0, 3646.0, 3522.0, 4431.0, 4151.0, 4952.0, 5712.0, 6155.0, 7080.0, 9600.0, 2400.0]
[1920.0, 7680.0, 9600.0, 9600.0, 9600.0, 9600.0, 9600.0, 9600.0, 9600.0, 9600.0, 9600.0, 2400.0, 1420.0, 2929.0, 3641.0, 3531.0, 4416.0, 4146.0, 4906.0, 5716.0, 6148.0, 7081.0, 9600.0, 2400.0]
[1920.0, 7680.0, 9600.0, 9600.0, 9600.0, 9600.0, 9600.0, 9600.0, 9600.0, 9600.0, 9600.0, 2400.0, 1422.0, 2935.0, 3641.0, 3519.0, 4415.0, 4146.0, 4951.0, 5732.0, 6224.0, 7068.0, 9592.0, 2400.0]
[1920.0, 7680.0, 9600.0, 9600.0, 9600.0, 9600.0, 9600.0, 9600.0, 9600.0, 9600.0, 9600.0, 2400.0, 1418.0, 2930.0, 3650.0, 3525.0, 4363.0, 4130.0, 4926.0, 5733.0, 6133.0, 7072.0, 9600.0, 2400.0]
[1920.0, 7680.0, 9600.0, 9600.0, 9600.0, 9600.0, 9600.0, 9600.0, 9600.0, 9600.0, 9600.0, 2400.0, 1422.0, 2934.0, 3639.0, 3520.0, 4387.0, 4142.0, 4929.0, 5727.0, 6217.0, 7059.0, 9592.0, 2400.0]
[1920.0, 7680.0, 9600.0, 9600.0, 9600.0, 9600.0, 9600.0, 9600.0, 9600.0, 9600.0, 9600.0, 2400.0, 1426.0, 2949.0, 3665.0, 3531.0, 4396.0, 4113.0, 4937.0, 5729.0, 6229.0, 7087.0, 9600.0, 2400.0]
[1920.0, 7680.0, 9600.0, 9600.0, 9600.0, 9600.0, 9600.0, 9600.0, 9600.0, 9600.0, 9600.0, 2400.0, 1430.0, 2913.0, 3641.0, 3512.0, 4363.0, 4114.0, 4948.0, 5714.0, 6173.0, 7079.0, 9592.0, 2400.0]
[1920.0, 7680.0, 9600.0, 9600.0, 9600.0, 9600.0, 9600.0, 9600.0, 9600.0, 9600.0, 9600.0, 2400.0, 1416.0, 2895.0, 3623.0, 3497.0, 4376.0, 4132.0, 4955.0, 5699.0, 6107.0, 7039.0, 9592.0, 2400.0]
[1920.0, 7680.0, 9600.0, 9600.0, 9600.0, 9600.0, 9600.0, 9600.0, 9600.0, 9600.0, 9600.0, 2400.0, 1416.0, 2879.0, 3663.0, 3498.0, 4299.0, 4117.0, 4989.0, 5736.0, 6126.0, 7061.0, 9600.0, 2400.0]
[1920.0, 7680.0, 9600.0, 9600.0, 9600.0, 9600.0, 9600.0, 9600.0, 9600.0, 9600.0, 9600.0, 2400.0, 1422.0, 2872.0, 3658.0, 3517.0, 4300.0, 4138.0, 4988.0, 5715.0, 6207.0, 7048.0, 9576.0, 2400.0]
[1920.0, 7680.0, 9600.0, 9600.0, 9600.0, 9600.0, 9600.0, 9600.0, 9600.0, 9600.0, 9600.0, 2400.0, 1416.0, 2843.0, 3671.0, 3509.0, 4259.0, 4128.0, 4951.0, 5670.0, 6050.0, 6944.0, 9448.0, 2400.0]
[1920.0, 7680.0, 9600.0, 9600.0, 9600.0, 9600.0, 9600.0, 9600.0, 9600.0, 9600.0, 9600.0, 2400.0, 1122.0, 1404.0, 1662.0, 4104.0, 4881.0, 5247.0, 5522.0, 6209.0, 3557.0, 1740.0, 4800.0, 2400.0]
[1920.0, 7680.0, 9600.0, 9600.0, 9600.0, 9600.0, 9600.0, 9600.0, 9600.0, 9600.0, 9600.0, 2400.0, 1152.0, 1188.0, 1386.0, 4523.0, 6060.0, 5804.0, 6147.0, 6678.0, 4010.0, 2924.0, 5688.0, 2400.0]
[1920.0, 7680.0, 9600.0, 9600.0, 9600.0, 9600.0, 9600.0, 9600.0, 9600.0, 9600.0, 9600.0, 2400.0, 1232.0, 1725.0, 1927.0, 5260.0, 6817.0, 6471.0, 5840.0, 6527.0, 4628.0, 4119.0, 6440.0, 2400.0]
[1920.0, 7680.0, 9600.0, 9600.0, 9600.0, 9600.0, 9600.0, 9600.0, 9600.0, 9600.0, 9600.0, 2400.0, 1258.0, 1822.0, 2131.0, 5363.0, 7170.0, 6740.0, 5719.0, 6416.0, 4408.0, 4235.0, 6672.0, 2400.0]
[1920.0, 7680.0, 9600.0, 9600.0, 9600.0, 9600.0, 9600.0, 9600.0, 9600.0, 9600.0, 9600.0, 2400.0, 1232.0, 1725.0, 2066.0, 5313.0, 7123.0, 6619.0, 5685.0, 6356.0, 4307.0, 4108.0, 6648.0, 2400.0]
[1920.0, 7680.0, 9600.0, 9600.0, 9600.0, 9600.0, 9600.0, 9600.0, 9600.0, 9600.0, 9600.0, 2400.0, 1250.0, 1783.0, 2090.0, 5377.0, 7172.0, 6673.0, 5745.0, 6314.0, 4202.0, 4108.0, 6688.0, 2400.0]
[1920.0, 7680.0, 9600.0, 9600.0, 9600.0, 9600.0, 9600.0, 9600.0, 9600.0, 9600.0, 9600.0, 2400.0, 1248.0, 1778.0, 2114.0, 5411.0, 7201.0, 6709.0, 5827.0, 6321.0, 4300.0, 4107.0, 6680.0, 2400.0]
[1920.0, 7680.0, 9600.0, 9600.0, 9600.0, 9600.0, 9600.0, 9600.0, 9600.0, 9600.0, 9600.0, 2400.0, 1244.0, 1745.0, 2101.0, 5434.0, 7190.0, 6693.0, 5767.0, 6371.0, 4229.0, 4091.0, 6696.0, 2400.0]
[1920.0, 7680.0, 9600.0, 9600.0, 9600.0, 9600.0, 9600.0, 9600.0, 9600.0, 9600.0, 9600.0, 2400.0, 1244.0, 1773.0, 2113.0, 5439.0, 7195.0, 6805.0, 5824.0, 6401.0, 4356.0, 4106.0, 6704.0, 2400.0]
[1920.0, 7680.0, 9600.0, 9600.0, 9600.0, 9600.0, 9600.0, 9600.0, 9600.0, 9600.0, 9600.0, 2400.0, 1242.0, 1751.0, 2033.0, 5356.0, 7102.0, 7025.0, 6079.0, 6413.0, 5025.0, 4369.0, 6680.0, 2400.0]
[1920.0, 7680.0, 9600.0, 9600.0, 9600.0, 9600.0, 9600.0, 9600.0, 9600.0, 9600.0, 9600.0, 2400.0, 1246.0, 1755.0, 2033.0, 5396.0, 7252.0, 7075.0, 6252.0, 6520.0, 5699.0, 4703.0, 6720.0, 2400.0]
[1920.0, 7680.0, 9600.0, 9600.0, 9600.0, 9600.0, 9600.0, 9600.0, 9600.0, 9600.0, 9600.0, 2400.0, 1250.0, 1754.0, 2025.0, 5372.0, 7316.0, 7143.0, 6296.0, 6660.0, 6115.0, 5117.0, 6720.0, 2400.0]
[1920.0, 7680.0, 9600.0, 9600.0, 9600.0, 9600.0, 9600.0, 9600.0, 9600.0, 9600.0, 9600.0, 2400.0, 1254.0, 1771.0, 2033.0, 5383.0, 7299.0, 7103.0, 6292.0, 6605.0, 6140.0, 5121.0, 6720.0, 2400.0]
[1920.0, 7680.0, 9600.0, 9600.0, 9600.0, 9600.0, 9600.0, 9600.0, 9600.0, 9600.0, 9600.0, 2400.0, 1256.0, 1787.0, 2046.0, 5391.0, 7306.0, 7111.0, 6321.0, 6555.0, 6125.0, 5089.0, 6712.0, 2400.0]
[1920.0, 7680.0, 9600.0, 9600.0, 9600.0, 9600.0, 9600.0, 9600.0, 9600.0, 9600.0, 9600.0, 2400.0, 1234.0, 1742.0, 2012.0, 5309.0, 7275.0, 7082.0, 6331.0, 6536.0, 6292.0, 5198.0, 6720.0, 2400.0]
[1920.0, 7680.0, 9600.0, 9600.0, 9600.0, 9600.0, 9600.0, 9600.0, 9600.0, 9600.0, 9600.0, 2400.0, 1226.0, 1710.0, 1999.0, 5351.0, 7305.0, 7073.0, 6338.0, 6385.0, 6256.0, 5249.0, 6720.0, 2400.0]
[1920.0, 7680.0, 9600.0, 9600.0, 9600.0, 9600.0, 9600.0, 9600.0, 9600.0, 9600.0, 9600.0, 2400.0, 1178.0, 1580.0, 1832.0, 5117.0, 7269.0, 6993.0, 6309.0, 6370.0, 6263.0, 5261.0, 6720.0, 2400.0]
[1920.0, 7680.0, 9600.0, 9600.0, 9600.0, 9600.0, 9600.0, 9600.0, 9600.0, 9600.0, 9600.0, 2400.0, 1126.0, 1172.0, 1485.0, 4911.0, 7254.0, 6610.0, 6201.0, 6354.0, 6294.0, 5322.0, 6720.0, 2400.0]
[1920.0, 7680.0, 9600.0, 9600.0, 9600.0, 9600.0, 9600.0, 9600.0, 9600.0, 9600.0, 9600.0, 2400.0, 1072.0, 899.0, 1317.0, 4759.0, 7231.0, 6483.0, 6092.0, 6357.0, 6315.0, 5328.0, 6712.0, 2400.0]
[1920.0, 7680.0, 9600.0, 9600.0, 9600.0, 9600.0, 9600.0, 9600.0, 9600.0, 9600.0, 9600.0, 2400.0, 980.0, 621.0, 1179.0, 4779.0, 7185.0, 6441.0, 6042.0, 6338.0, 6257.0, 5259.0, 6720.0, 2400.0]
[1920.0, 7680.0, 9600.0, 9600.0, 9600.0, 9600.0, 9600.0, 9600.0, 9600.0, 9600.0, 9600.0, 2400.0, 928.0, 526.0, 1098.0, 4654.0, 7112.0, 6412.0, 6051.0, 6331.0, 6258.0, 5252.0, 6720.0, 2400.0]
[1920.0, 7680.0, 9600.0, 9600.0, 9600.0, 9600.0, 9600.0, 9600.0, 9600.0, 9600.0, 9600.0, 2400.0, 832.0, 394.0, 1010.0, 4389.0, 7019.0, 6436.0, 6051.0, 6334.0, 6238.0, 5243.0, 6720.0, 2400.0]
[1920.0, 7680.0, 9600.0, 9600.0, 9600.0, 9600.0, 9600.0, 9600.0, 9600.0, 9600.0, 9600.0, 2400.0, 830.0, 392.0, 990.0, 4274.0, 7044.0, 6480.0, 6092.0, 6349.0, 6293.0, 5311.0, 6720.0, 2400.0]
[1920.0, 7680.0, 9600.0, 9600.0, 9600.0, 9600.0, 9600.0, 9600.0, 9600.0, 9600.0, 9600.0, 2400.0, 788.0, 372.0, 939.0, 4056.0, 6930.0, 6400.0, 6005.0, 6316.0, 6246.0, 5251.0, 6720.0, 2400.0]
[1920.0, 7680.0, 9600.0, 9600.0, 9600.0, 9600.0, 9600.0, 9600.0, 9600.0, 9600.0, 9600.0, 2400.0, 756.0, 354.0, 905.0, 3864.0, 6857.0, 6368.0, 5981.0, 6301.0, 6231.0, 5236.0, 6720.0, 2400.0]
[1920.0, 7680.0, 9600.0, 9600.0, 9600.0, 9600.0, 9600.0, 9600.0, 9600.0, 9600.0, 9600.0, 2400.0, 786.0, 364.0, 900.0, 3931.0, 6878.0, 6440.0, 6024.0, 6327.0, 6279.0, 5274.0, 6720.0, 2400.0]
[1920.0, 7680.0, 9600.0, 9600.0, 9600.0, 9600.0, 9600.0, 9600.0, 9600.0, 9600.0, 9600.0, 2400.0, 748.0, 326.0, 872.0, 3847.0, 6781.0, 6376.0, 5988.0, 6324.0, 6208.0, 5198.0, 6720.0, 2400.0]
[1920.0, 7680.0, 9600.0, 9600.0, 9600.0, 9600.0, 9600.0, 9600.0, 9600.0, 9600.0, 9600.0, 2400.0, 730.0, 316.0, 865.0, 3808.0, 6779.0, 6456.0, 6010.0, 6322.0, 6227.0, 5238.0, 6720.0, 2400.0]
[1920.0, 7680.0, 9600.0, 9600.0, 9600.0, 9600.0, 9600.0, 9600.0, 9600.0, 9600.0, 9600.0, 2400.0, 724.0, 320.0, 847.0, 3656.0, 6700.0, 6404.0, 5957.0, 6311.0, 6206.0, 5191.0, 6720.0, 2400.0]
[1920.0, 7680.0, 9600.0, 9600.0, 9600.0, 9600.0, 9600.0, 9600.0, 9600.0, 9600.0, 9600.0, 2400.0, 702.0, 288.0, 770.0, 3470.0, 6613.0, 6364.0, 5908.0, 6282.0, 6188.0, 5166.0, 6720.0, 2400.0]
[1920.0, 7680.0, 9600.0, 9600.0, 9600.0, 9600.0, 9600.0, 9600.0, 9600.0, 9600.0, 9600.0, 2400.0, 742.0, 330.0, 848.0, 3677.0, 6646.0, 6392.0, 5943.0, 6298.0, 6218.0, 5218.0, 6720.0, 2400.0]
[1920.0, 7680.0, 9600.0, 9600.0, 9600.0, 9600.0, 9600.0, 9600.0, 9600.0, 9600.0, 9600.0, 2400.0, 728.0, 316.0, 827.0, 3628.0, 6555.0, 6392.0, 5936.0, 6300.0, 6203.0, 5207.0, 6720.0, 2400.0]
[1920.0, 7680.0, 9600.0, 9600.0, 9600.0, 9600.0, 9600.0, 9600.0, 9600.0, 9600.0, 9600.0, 2400.0, 696.0, 294.0, 783.0, 3409.0, 6396.0, 6376.0, 5923.0, 6298.0, 6219.0, 5201.0, 6720.0, 2400.0]
[1920.0, 7680.0, 9600.0, 9600.0, 9600.0, 9600.0, 9600.0, 9600.0, 9600.0, 9600.0, 9600.0, 2400.0, 688.0, 288.0, 762.0, 3374.0, 6359.0, 6384.0, 5885.0, 6287.0, 6166.0, 5151.0, 6720.0, 2400.0]
[1920.0, 7680.0, 9600.0, 9600.0, 9600.0, 9600.0, 9600.0, 9600.0, 9600.0, 9600.0, 9600.0, 2400.0, 686.0, 292.0, 763.0, 3276.0, 6338.0, 6448.0, 5962.0, 6326.0, 6276.0, 5272.0, 6720.0, 2400.0]
[1920.0, 7680.0, 9600.0, 9600.0, 9600.0, 9600.0, 9600.0, 9600.0, 9600.0, 9600.0, 9600.0, 2400.0, 662.0, 270.0, 723.0, 3183.0, 6238.0, 6344.0, 5857.0, 6274.0, 6370.0, 5475.0, 6720.0, 2400.0]
[1920.0, 7680.0, 9600.0, 9600.0, 9600.0, 9600.0, 9600.0, 9600.0, 9600.0, 9600.0, 9600.0, 2400.0, 656.0, 260.0, 703.0, 3108.0, 6238.0, 6380.0, 5889.0, 6289.0, 6393.0, 5484.0, 6712.0, 2400.0]
[1920.0, 7680.0, 9600.0, 9600.0, 9600.0, 9600.0, 9600.0, 9600.0, 9600.0, 9600.0, 9600.0, 2400.0, 652.0, 256.0, 708.0, 3167.0, 6178.0, 6380.0, 5887.0, 6275.0, 6378.0, 5470.0, 6720.0, 2400.0]
[1920.0, 7680.0, 9600.0, 9600.0, 9600.0, 9600.0, 9600.0, 9600.0, 9600.0, 9600.0, 9600.0, 2400.0, 646.0, 262.0, 692.0, 3110.0, 6061.0, 6376.0, 5910.0, 6304.0, 6370.0, 5440.0, 6712.0, 2400.0]
[1920.0, 7680.0, 9600.0, 9600.0, 9600.0, 9600.0, 9600.0, 9600.0, 9600.0, 9600.0, 9600.0, 2400.0, 622.0, 216.0, 627.0, 3033.0, 6036.0, 6324.0, 5838.0, 6269.0, 6074.0, 5067.0, 6720.0, 2400.0]
[1920.0, 7680.0, 9600.0, 9600.0, 9600.0, 9600.0, 9600.0, 9600.0, 9600.0, 9600.0, 9600.0, 2400.0, 664.0, 264.0, 687.0, 3077.0, 6144.0, 6408.0, 5901.0, 6303.0, 6323.0, 5429.0, 6720.0, 2400.0]
[1920.0, 7680.0, 9600.0, 9600.0, 9600.0, 9600.0, 9600.0, 9600.0, 9600.0, 9600.0, 9600.0, 2400.0, 648.0, 242.0, 672.0, 3077.0, 6130.0, 6384.0, 5878.0, 6289.0, 6274.0, 5405.0, 6720.0, 2400.0]
[1920.0, 7680.0, 9600.0, 9600.0, 9600.0, 9600.0, 9600.0, 9600.0, 9600.0, 9600.0, 9600.0, 2400.0, 634.0, 248.0, 673.0, 3000.0, 6095.0, 6376.0, 5871.0, 6288.0, 6284.0, 5383.0, 6720.0, 2400.0]
[1920.0, 7680.0, 9600.0, 9600.0, 9600.0, 9600.0, 9600.0, 9600.0, 9600.0, 9600.0, 9600.0, 2400.0, 636.0, 252.0, 671.0, 3011.0, 6055.0, 6412.0, 5907.0, 6306.0, 6290.0, 5340.0, 6720.0, 2400.0]
[1920.0, 7680.0, 9600.0, 9600.0, 9600.0, 9600.0, 9600.0, 9600.0, 9600.0, 9600.0, 9600.0, 2400.0, 608.0, 228.0, 649.0, 2928.0, 6040.0, 6380.0, 5867.0, 6289.0, 6230.0, 5342.0, 6720.0, 2400.0]
[1920.0, 7680.0, 9600.0, 9600.0, 9600.0, 9600.0, 9600.0, 9600.0, 9600.0, 9600.0, 9600.0, 2400.0, 618.0, 232.0, 640.0, 2918.0, 6010.0, 6380.0, 5881.0, 6304.0, 6251.0, 5345.0, 6712.0, 2400.0]
[1920.0, 7680.0, 9600.0, 9600.0, 9600.0, 9600.0, 9600.0, 9600.0, 9600.0, 9600.0, 9600.0, 2400.0, 598.0, 218.0, 619.0, 2837.0, 6020.0, 6448.0, 5909.0, 6301.0, 6205.0, 5288.0, 6720.0, 2400.0]
[1920.0, 7680.0, 9600.0, 9600.0, 9600.0, 9600.0, 9600.0, 9600.0, 9600.0, 9600.0, 9600.0, 2400.0, 626.0, 244.0, 660.0, 2937.0, 6079.0, 6380.0, 5842.0, 6284.0, 6241.0, 5302.0, 6720.0, 2400.0]
[1920.0, 7680.0, 9600.0, 9600.0, 9600.0, 9600.0, 9600.0, 9600.0, 9600.0, 9600.0, 9600.0, 2400.0, 608.0, 232.0, 619.0, 2811.0, 6020.0, 6404.0, 5866.0, 6283.0, 6232.0, 5321.0, 6720.0, 2400.0]
[1920.0, 7680.0, 9600.0, 9600.0, 9600.0, 9600.0, 9600.0, 9600.0, 9600.0, 9600.0, 9600.0, 2400.0, 582.0, 214.0, 601.0, 2774.0, 5898.0, 6216.0, 5701.0, 6238.0, 6035.0, 5148.0, 6720.0, 2400.0]
[1920.0, 7680.0, 9600.0, 9600.0, 9600.0, 9600.0, 9600.0, 9600.0, 9600.0, 9600.0, 9600.0, 2400.0, 576.0, 208.0, 582.0, 2774.0, 5903.0, 6400.0, 5839.0, 6284.0, 6064.0, 5225.0, 6720.0, 2400.0]
[1920.0, 7680.0, 9600.0, 9600.0, 9600.0, 9600.0, 9600.0, 9600.0, 9600.0, 9600.0, 9600.0, 2400.0, 592.0, 206.0, 556.0, 2792.0, 5850.0, 6372.0, 5817.0, 6287.0, 6048.0, 5164.0, 6720.0, 2400.0]
[1920.0, 7680.0, 9600.0, 9600.0, 9600.0, 9600.0, 9600.0, 9600.0, 9600.0, 9600.0, 9600.0, 2400.0, 580.0, 194.0, 561.0, 2752.0, 5797.0, 6368.0, 5814.0, 6273.0, 5833.0, 4881.0, 6720.0, 2400.0]
[1920.0, 7680.0, 9600.0, 9600.0, 9600.0, 9600.0, 9600.0, 9600.0, 9600.0, 9600.0, 9600.0, 2400.0, 600.0, 220.0, 612.0, 2794.0, 5870.0, 6300.0, 5751.0, 6256.0, 5859.0, 4876.0, 6720.0, 2400.0]
[1920.0, 7680.0, 9600.0, 9600.0, 9600.0, 9600.0, 9600.0, 9600.0, 9600.0, 9600.0, 9600.0, 2400.0, 584.0, 212.0, 585.0, 2696.0, 5797.0, 6412.0, 5835.0, 6296.0, 5923.0, 4914.0, 6720.0, 2400.0]
[1920.0, 7680.0, 9600.0, 9600.0, 9600.0, 9600.0, 9600.0, 9600.0, 9600.0, 9600.0, 9600.0, 2400.0, 582.0, 204.0, 571.0, 2667.0, 5837.0, 6372.0, 5770.0, 6277.0, 5864.0, 4881.0, 6720.0, 2400.0]
[1920.0, 7680.0, 9600.0, 9600.0, 9600.0, 9600.0, 9600.0, 9600.0, 9600.0, 9600.0, 9600.0, 2400.0, 580.0, 212.0, 590.0, 2719.0, 5799.0, 6248.0, 5684.0, 6237.0, 5961.0, 5050.0, 6720.0, 2400.0]
[1920.0, 7680.0, 9600.0, 9600.0, 9600.0, 9600.0, 9600.0, 9600.0, 9600.0, 9600.0, 9600.0, 2400.0, 602.0, 228.0, 612.0, 2797.0, 5868.0, 6320.0, 5726.0, 6244.0, 6060.0, 5150.0, 6720.0, 2400.0]
[1920.0, 7680.0, 9600.0, 9600.0, 9600.0, 9600.0, 9600.0, 9600.0, 9600.0, 9600.0, 9600.0, 2400.0, 584.0, 214.0, 604.0, 2763.0, 5861.0, 6372.0, 5748.0, 6250.0, 6070.0, 5188.0, 6720.0, 2400.0]
[1920.0, 7680.0, 9600.0, 9600.0, 9600.0, 9600.0, 9600.0, 9600.0, 9600.0, 9600.0, 9600.0, 2400.0, 582.0, 220.0, 609.0, 2718.0, 5845.0, 6368.0, 5749.0, 6251.0, 6009.0, 5039.0, 6720.0, 2400.0]
[1920.0, 7680.0, 9600.0, 9600.0, 9600.0, 9600.0, 9600.0, 9600.0, 9600.0, 9600.0, 9600.0, 2400.0, 604.0, 222.0, 601.0, 2785.0, 5893.0, 6380.0, 5765.0, 6285.0, 6104.0, 5198.0, 6720.0, 2400.0]
[1920.0, 7680.0, 9600.0, 9600.0, 9600.0, 9600.0, 9600.0, 9600.0, 9600.0, 9600.0, 9600.0, 2400.0, 572.0, 214.0, 579.0, 2686.0, 5771.0, 6384.0, 5764.0, 6271.0, 6101.0, 5149.0, 6720.0, 2400.0]
[1920.0, 7680.0, 9600.0, 9600.0, 9600.0, 9600.0, 9600.0, 9600.0, 9600.0, 9600.0, 9600.0, 2400.0, 592.0, 212.0, 589.0, 2737.0, 5868.0, 6296.0, 5694.0, 6243.0, 6016.0, 5121.0, 6712.0, 2400.0]
[1920.0, 7680.0, 9600.0, 9600.0, 9600.0, 9600.0, 9600.0, 9600.0, 9600.0, 9600.0, 9600.0, 2400.0, 584.0, 214.0, 598.0, 2686.0, 5830.0, 6332.0, 5734.0, 6251.0, 6036.0, 5138.0, 6720.0, 2400.0]
[1920.0, 7680.0, 9600.0, 9600.0, 9600.0, 9600.0, 9600.0, 9600.0, 9600.0, 9600.0, 9600.0, 2400.0, 550.0, 198.0, 568.0, 2661.0, 5755.0, 6320.0, 5697.0, 6216.0, 5973.0, 5031.0, 6720.0, 2400.0]
[1920.0, 7680.0, 9600.0, 9600.0, 9600.0, 9600.0, 9600.0, 9600.0, 9600.0, 9600.0, 9600.0, 2400.0, 572.0, 200.0, 573.0, 2630.0, 5811.0, 6388.0, 5784.0, 6248.0, 5949.0, 4944.0, 6720.0, 2400.0]
[1920.0, 7680.0, 9600.0, 9600.0, 9600.0, 9600.0, 9600.0, 9600.0, 9600.0, 9600.0, 9600.0, 2400.0, 588.0, 212.0, 579.0, 2647.0, 5866.0, 6388.0, 5740.0, 6224.0, 5752.0, 4760.0, 6712.0, 2400.0]
[1920.0, 7680.0, 9600.0, 9600.0, 9600.0, 9600.0, 9600.0, 9600.0, 9600.0, 9600.0, 9600.0, 2400.0, 568.0, 200.0, 569.0, 2633.0, 5778.0, 6348.0, 5749.0, 6261.0, 5769.0, 4725.0, 6712.0, 2400.0]
[1920.0, 7680.0, 9600.0, 9600.0, 9600.0, 9600.0, 9600.0, 9600.0, 9600.0, 9600.0, 9600.0, 2400.0, 560.0, 194.0, 566.0, 2610.0, 5852.0, 6424.0, 5780.0, 6272.0, 5799.0, 4791.0, 6720.0, 2400.0]
[1920.0, 7680.0, 9600.0, 9600.0, 9600.0, 9600.0, 9600.0, 9600.0, 9600.0, 9600.0, 9600.0, 2400.0, 554.0, 194.0, 560.0, 2603.0, 5764.0, 6356.0, 5719.0, 6245.0, 5760.0, 4779.0, 6712.0, 2400.0]
[1920.0, 7680.0, 9600.0, 9600.0, 9600.0, 9600.0, 9600.0, 9600.0, 9600.0, 9600.0, 9600.0, 2400.0, 560.0, 180.0, 532.0, 2612.0, 5778.0, 6408.0, 5784.0, 6278.0, 5788.0, 4799.0, 6720.0, 2400.0]
[1920.0, 7680.0, 9600.0, 9600.0, 9600.0, 9600.0, 9600.0, 9600.0, 9600.0, 9600.0, 9600.0, 2400.0, 548.0, 180.0, 507.0, 2601.0, 5673.0, 6292.0, 5679.0, 6234.0, 5883.0, 4979.0, 6720.0, 2400.0]
[1920.0, 7680.0, 9600.0, 9600.0, 9600.0, 9600.0, 9600.0, 9600.0, 9600.0, 9600.0, 9600.0, 2400.0, 562.0, 188.0, 534.0, 2639.0, 5758.0, 6336.0, 5718.0, 6241.0, 5750.0, 4784.0, 6720.0, 2400.0]
[1920.0, 7680.0, 9600.0, 9600.0, 9600.0, 9600.0, 9600.0, 9600.0, 9600.0, 9600.0, 9600.0, 2400.0, 568.0, 190.0, 551.0, 2600.0, 5786.0, 6344.0, 5725.0, 6239.0, 5720.0, 4739.0, 6720.0, 2400.0]
[1920.0, 7680.0, 9600.0, 9600.0, 9600.0, 9600.0, 9600.0, 9600.0, 9600.0, 9600.0, 9600.0, 2400.0, 540.0, 184.0, 545.0, 2575.0, 5732.0, 6268.0, 5663.0, 6228.0, 5704.0, 4719.0, 6720.0, 2400.0]
[1920.0, 7680.0, 9600.0, 9600.0, 9600.0, 9600.0, 9600.0, 9600.0, 9600.0, 9600.0, 9600.0, 2400.0, 526.0, 166.0, 515.0, 2540.0, 5675.0, 6284.0, 5661.0, 6219.0, 5652.0, 4642.0, 6720.0, 2400.0]
[1920.0, 7680.0, 9600.0, 9600.0, 9600.0, 9600.0, 9600.0, 9600.0, 9600.0, 9600.0, 9600.0, 2400.0, 550.0, 186.0, 539.0, 2580.0, 5765.0, 6352.0, 5695.0, 6228.0, 5658.0, 4686.0, 6720.0, 2400.0]
[1920.0, 7680.0, 9600.0, 9600.0, 9600.0, 9600.0, 9600.0, 9600.0, 9600.0, 9600.0, 9600.0, 2400.0, 554.0, 176.0, 532.0, 2528.0, 5766.0, 6340.0, 5667.0, 6211.0, 5660.0, 4728.0, 6568.0, 2400.0]
[1920.0, 7680.0, 9600.0, 9600.0, 9600.0, 9600.0, 9600.0, 9600.0, 9600.0, 9600.0, 9600.0, 2400.0, 554.0, 200.0, 565.0, 2446.0, 5569.0, 6340.0, 5676.0, 6200.0, 5719.0, 4708.0, 5760.0, 2400.0]
[1920.0, 7680.0, 9600.0, 9600.0, 9600.0, 9600.0, 9600.0, 9600.0, 9600.0, 9600.0, 9600.0, 2400.0, 550.0, 202.0, 571.0, 2473.0, 5523.0, 6256.0, 5635.0, 6199.0, 5624.0, 4636.0, 5760.0, 2400.0]
[1920.0, 7680.0, 9600.0, 9600.0, 9600.0, 9600.0, 9600.0, 9600.0, 9600.0, 9600.0, 9600.0, 2400.0, 544.0, 190.0, 550.0, 2434.0, 5499.0, 6316.0, 5681.0, 6198.0, 5687.0, 4681.0, 5760.0, 2400.0]
[1920.0, 7680.0, 9600.0, 9600.0, 9600.0, 9600.0, 9600.0, 9600.0, 9600.0, 9600.0, 9600.0, 2400.0, 572.0, 198.0, 569.0, 2528.0, 5575.0, 6308.0, 5636.0, 6179.0, 5701.0, 4702.0, 5760.0, 2400.0]
[1920.0, 7680.0, 9600.0, 9600.0, 9600.0, 9600.0, 9600.0, 9600.0, 9600.0, 9600.0, 9600.0, 2400.0, 568.0, 210.0, 585.0, 2570.0, 5563.0, 6344.0, 5673.0, 6193.0, 5725.0, 4701.0, 5760.0, 2400.0]
[1920.0, 7680.0, 9600.0, 9600.0, 9600.0, 9600.0, 9600.0, 9600.0, 9600.0, 9600.0, 9600.0, 2400.0, 572.0, 210.0, 580.0, 2533.0, 5587.0, 6352.0, 5660.0, 6175.0, 5713.0, 4724.0, 5760.0, 2400.0]
[1920.0, 7680.0, 9600.0, 9600.0, 9600.0, 9600.0, 9600.0, 9600.0, 9600.0, 9600.0, 9600.0, 2400.0, 552.0, 190.0, 566.0, 2565.0, 5543.0, 6344.0, 5655.0, 6181.0, 5660.0, 4658.0, 5760.0, 2400.0]
[1920.0, 7680.0, 9600.0, 9600.0, 9600.0, 9600.0, 9600.0, 9600.0, 9600.0, 9600.0, 9600.0, 2400.0, 578.0, 218.0, 603.0, 2560.0, 5617.0, 6296.0, 5614.0, 6178.0, 5620.0, 4632.0, 5760.0, 2400.0]
[1920.0, 7680.0, 9600.0, 9600.0, 9600.0, 9600.0, 9600.0, 9600.0, 9600.0, 9600.0, 9600.0, 2400.0, 558.0, 200.0, 599.0, 2569.0, 5604.0, 6264.0, 5580.0, 6162.0, 5562.0, 4566.0, 5760.0, 2400.0]
[1920.0, 7680.0, 9600.0, 9600.0, 9600.0, 9600.0, 9600.0, 9600.0, 9600.0, 9600.0, 9600.0, 2400.0, 570.0, 218.0, 609.0, 2548.0, 5633.0, 6416.0, 5686.0, 6213.0, 5664.0, 4668.0, 5760.0, 2400.0]
[1920.0, 7680.0, 9600.0, 9600.0, 9600.0, 9600.0, 9600.0, 9600.0, 9600.0, 9600.0, 9600.0, 2400.0, 562.0, 214.0, 619.0, 2536.0, 5600.0, 6368.0, 5685.0, 6234.0, 5655.0, 4681.0, 5760.0, 2400.0]
[1920.0, 7680.0, 9600.0, 9600.0, 9600.0, 9600.0, 9600.0, 9600.0, 9600.0, 9600.0, 9600.0, 2400.0, 532.0, 198.0, 593.0, 2487.0, 5484.0, 6300.0, 5628.0, 6184.0, 5570.0, 4576.0, 5760.0, 2400.0]
[1920.0, 7680.0, 9600.0, 9600.0, 9600.0, 9600.0, 9600.0, 9600.0, 9600.0, 9600.0, 9600.0, 2400.0, 572.0, 220.0, 604.0, 2565.0, 5554.0, 6304.0, 5620.0, 6216.0, 5604.0, 4613.0, 5760.0, 2400.0]
[1920.0, 7680.0, 9600.0, 9600.0, 9600.0, 9600.0, 9600.0, 9600.0, 9600.0, 9600.0, 9600.0, 2400.0, 586.0, 188.0, 539.0, 2522.0, 5599.0, 6344.0, 5604.0, 6171.0, 5661.0, 4666.0, 5760.0, 2400.0]
[1920.0, 7680.0, 9600.0, 9600.0, 9600.0, 9600.0, 9600.0, 9600.0, 9600.0, 9600.0, 9600.0, 2400.0, 608.0, 214.0, 556.0, 2559.0, 5613.0, 6376.0, 5652.0, 6192.0, 5723.0, 4729.0, 5760.0, 2400.0]
[1920.0, 7680.0, 9600.0, 9600.0, 9600.0, 9600.0, 9600.0, 9600.0, 9600.0, 9600.0, 9600.0, 2400.0, 590.0, 194.0, 535.0, 2510.0, 5609.0, 6376.0, 5634.0, 6184.0, 5704.0, 4706.0, 5760.0, 2400.0]
[1920.0, 7680.0, 9600.0, 9600.0, 9600.0, 9600.0, 9600.0, 9600.0, 9600.0, 9600.0, 9600.0, 2400.0, 580.0, 196.0, 546.0, 2527.0, 5568.0, 6340.0, 5634.0, 6214.0, 5644.0, 4655.0, 5760.0, 2400.0]
[1920.0, 7680.0, 9600.0, 9600.0, 9600.0, 9600.0, 9600.0, 9600.0, 9600.0, 9600.0, 9600.0, 2400.0, 588.0, 198.0, 539.0, 2593.0, 5757.0, 6416.0, 5655.0, 6207.0, 5738.0, 4730.0, 6592.0, 2400.0]
[1920.0, 7680.0, 9600.0, 9600.0, 9600.0, 9600.0, 9600.0, 9600.0, 9600.0, 9600.0, 9600.0, 2400.0, 572.0, 180.0, 522.0, 2603.0, 5697.0, 6284.0, 5523.0, 6142.0, 5592.0, 4607.0, 6680.0, 2400.0]
[1920.0, 7680.0, 9600.0, 9600.0, 9600.0, 9600.0, 9600.0, 9600.0, 9600.0, 9600.0, 9600.0, 2400.0, 610.0, 202.0, 535.0, 2632.0, 5734.0, 6300.0, 5551.0, 6167.0, 5665.0, 4639.0, 6720.0, 2400.0]
[1920.0, 7680.0, 9600.0, 9600.0, 9600.0, 9600.0, 9600.0, 9600.0, 9600.0, 9600.0, 9600.0, 2400.0, 590.0, 192.0, 523.0, 2591.0, 5685.0, 6392.0, 5619.0, 6199.0, 5647.0, 4647.0, 6720.0, 2400.0]
[1920.0, 7680.0, 9600.0, 9600.0, 9600.0, 9600.0, 9600.0, 9600.0, 9600.0, 9600.0, 9600.0, 2400.0, 576.0, 176.0, 516.0, 2578.0, 5700.0, 6408.0, 5607.0, 6209.0, 5688.0, 4672.0, 6720.0, 2400.0]
[1920.0, 7680.0, 9600.0, 9600.0, 9600.0, 9600.0, 9600.0, 9600.0, 9600.0, 9600.0, 9600.0, 2400.0, 1826.0, 4565.0, 3360.0, 4958.0, 3833.0, 2668.0, 2529.0, 4911.0, 4680.0, 5434.0, 7880.0, 2400.0]
[1920.0, 7680.0, 9600.0, 9600.0, 9600.0, 9600.0, 9600.0, 9600.0, 9600.0, 9600.0, 9600.0, 2400.0, 1888.0, 4718.0, 3360.0, 5040.0, 4666.0, 3360.0, 2717.0, 4901.0, 4670.0, 5484.0, 8208.0, 2400.0]
[1920.0, 7680.0, 9600.0, 9600.0, 9600.0, 9600.0, 9600.0, 9600.0, 9600.0, 9600.0, 9600.0, 2400.0, 1920.0, 4800.0, 3360.0, 5040.0, 5066.0, 4271.0, 3035.0, 4892.0, 4686.0, 5453.0, 8696.0, 2400.0]
[1920.0, 7680.0, 9600.0, 9600.0, 9600.0, 9600.0, 9600.0, 9600.0, 9600.0, 9600.0, 9600.0, 2400.0, 1920.0, 4798.0, 3360.0, 5039.0, 4973.0, 4647.0, 3282.0, 4689.0, 4611.0, 5376.0, 8968.0, 2400.0]
[1920.0, 7680.0, 9600.0, 9600.0, 9600.0, 9600.0, 9600.0, 9600.0, 9600.0, 9600.0, 9600.0, 2400.0, 1920.0, 4792.0, 3360.0, 5019.0, 4836.0, 4585.0, 3323.0, 4211.0, 4241.0, 5316.0, 9392.0, 2400.0]
[1920.0, 7680.0, 9600.0, 9600.0, 9600.0, 9600.0, 9600.0, 9600.0, 9600.0, 9600.0, 9600.0, 2400.0, 1916.0, 4779.0, 3360.0, 5013.0, 4799.0, 4503.0, 3316.0, 4107.0, 4315.0, 5432.0, 9464.0, 2400.0]
[1920.0, 7680.0, 9600.0, 9600.0, 9600.0, 9600.0, 9600.0, 9600.0, 9600.0, 9600.0, 9600.0, 2400.0, 1920.0, 4789.0, 3765.0, 5431.0, 4745.0, 4633.0, 3357.0, 4103.0, 4794.0, 5713.0, 9568.0, 2400.0]
[1920.0, 7680.0, 9600.0, 9600.0, 9600.0, 9600.0, 9600.0, 9600.0, 9600.0, 9600.0, 9600.0, 2400.0, 1916.0, 4766.0, 4151.0, 5793.0, 4583.0, 4440.0, 3320.0, 4079.0, 4890.0, 5633.0, 9560.0, 2400.0]
[1920.0, 7680.0, 9600.0, 9600.0, 9600.0, 9600.0, 9600.0, 9600.0, 9600.0, 9600.0, 9600.0, 2400.0, 1916.0, 4768.0, 4145.0, 5793.0, 4576.0, 4482.0, 3312.0, 4060.0, 5156.0, 6035.0, 9560.0, 2400.0]
[1920.0, 7680.0, 9600.0, 9600.0, 9600.0, 9600.0, 9600.0, 9600.0, 9600.0, 9600.0, 9600.0, 2400.0, 1920.0, 4778.0, 4158.0, 5825.0, 4602.0, 4431.0, 3319.0, 4056.0, 5500.0, 6370.0, 9592.0, 2400.0]
[1920.0, 7680.0, 9600.0, 9600.0, 9600.0, 9600.0, 9600.0, 9600.0, 9600.0, 9600.0, 9600.0, 2400.0, 1920.0, 4786.0, 4171.0, 5833.0, 4562.0, 4508.0, 3342.0, 4087.0, 5595.0, 6569.0, 9600.0, 2400.0]
[1920.0, 7680.0, 9600.0, 9600.0, 9600.0, 9600.0, 9600.0, 9600.0, 9600.0, 9600.0, 9600.0, 2400.0, 1920.0, 4768.0, 4164.0, 5831.0, 4558.0, 4479.0, 3329.0, 4091.0, 5833.0, 6926.0, 9336.0, 2400.0]
[1920.0, 7680.0, 9600.0, 9600.0, 9600.0, 9600.0, 9600.0, 9600.0, 9600.0, 9600.0, 9600.0, 2400.0, 1920.0, 4775.0, 4152.0, 5788.0, 4520.0, 4517.0, 3351.0, 4147.0, 5925.0, 7164.0, 9488.0, 2400.0]
[1920.0, 7680.0, 9600.0, 9600.0, 9600.0, 9600.0, 9600.0, 9600.0, 9600.0, 9600.0, 9600.0, 2400.0, 1916.0, 4780.0, 4153.0, 5784.0, 4503.0, 4482.0, 3333.0, 4140.0, 5698.0, 7051.0, 9560.0, 2400.0]
[1920.0, 7680.0, 9600.0, 9600.0, 9600.0, 9600.0, 9600.0, 9600.0, 9600.0, 9600.0, 9600.0, 2400.0, 1920.0, 4782.0, 4158.0, 5793.0, 4501.0, 4443.0, 3331.0, 4110.0, 5642.0, 7009.0, 9600.0, 2400.0]
[1920.0, 7680.0, 9600.0, 9600.0, 9600.0, 9600.0, 9600.0, 9600.0, 9600.0, 9600.0, 9600.0, 2400.0, 1920.0, 4780.0, 4159.0, 5746.0, 4415.0, 4668.0, 3421.0, 4139.0, 5733.0, 7157.0, 9600.0, 2400.0]
[1920.0, 7680.0, 9600.0, 9600.0, 9600.0, 9600.0, 9600.0, 9600.0, 9600.0, 9600.0, 9600.0, 2400.0, 1920.0, 4776.0, 4178.0, 5783.0, 4445.0, 4711.0, 3431.0, 4130.0, 5776.0, 7220.0, 9600.0, 2400.0]
[1920.0, 7680.0, 9600.0, 9600.0, 9600.0, 9600.0, 9600.0, 9600.0, 9600.0, 9600.0, 9600.0, 2400.0, 1920.0, 4775.0, 4180.0, 5727.0, 4386.0, 4803.0, 3457.0, 4153.0, 5751.0, 7190.0, 9600.0, 2400.0]
[1920.0, 7680.0, 9600.0, 9600.0, 9600.0, 9600.0, 9600.0, 9600.0, 9600.0, 9600.0, 9600.0, 2400.0, 1916.0, 4765.0, 4171.0, 5723.0, 4355.0, 4811.0, 3472.0, 4115.0, 5773.0, 7176.0, 9568.0, 2400.0]
[1920.0, 7680.0, 9600.0, 9600.0, 9600.0, 9600.0, 9600.0, 9600.0, 9600.0, 9600.0, 9600.0, 2400.0, 1920.0, 4768.0, 4163.0, 5755.0, 4363.0, 4698.0, 3449.0, 4090.0, 5829.0, 7167.0, 9592.0, 2400.0]
[1920.0, 7680.0, 9600.0, 9600.0, 9600.0, 9600.0, 9600.0, 9600.0, 9600.0, 9600.0, 9600.0, 2400.0, 1908.0, 4716.0, 4146.0, 5665.0, 4277.0, 4603.0, 3424.0, 4048.0, 5816.0, 6995.0, 9504.0, 2400.0]
[1920.0, 7680.0, 9600.0, 9600.0, 9600.0, 9600.0, 9600.0, 9600.0, 9600.0, 9600.0, 9600.0, 2400.0, 1920.0, 4774.0, 4177.0, 5762.0, 4380.0, 4728.0, 3443.0, 4088.0, 5875.0, 7093.0, 9600.0, 2400.0]
[1920.0, 7680.0, 9600.0, 9600.0, 9600.0, 9600.0, 9600.0, 9600.0, 9600.0, 9600.0, 9600.0, 2400.0, 1916.0, 4734.0, 4153.0, 5686.0, 4300.0, 4656.0, 3443.0, 4093.0, 5827.0, 7061.0, 9584.0, 2400.0]
[1920.0, 7680.0, 9600.0, 9600.0, 9600.0, 9600.0, 9600.0, 9600.0, 9600.0, 9600.0, 9600.0, 2400.0, 1920.0, 4760.0, 4174.0, 5714.0, 4337.0, 4708.0, 3443.0, 4045.0, 5834.0, 7063.0, 9600.0, 2400.0]
[1920.0, 7680.0, 9600.0, 9600.0, 9600.0, 9600.0, 9600.0, 9600.0, 9600.0, 9600.0, 9600.0, 2400.0, 1920.0, 4760.0, 4171.0, 5688.0, 4345.0, 4713.0, 3442.0, 4022.0, 5711.0, 6968.0, 9600.0, 2400.0]
[1920.0, 7680.0, 9600.0, 9600.0, 9600.0, 9600.0, 9600.0, 9600.0, 9600.0, 9600.0, 9600.0, 2400.0, 1920.0, 4760.0, 4171.0, 5715.0, 4355.0, 4727.0, 3448.0, 4056.0, 5212.0, 6558.0, 9600.0, 2400.0]
[1920.0, 7680.0, 9600.0, 9600.0, 9600.0, 9600.0, 9600.0, 9600.0, 9600.0, 9600.0, 9600.0, 2400.0, 1920.0, 4766.0, 4164.0, 5659.0, 4298.0, 4694.0, 3436.0, 4018.0, 5103.0, 6409.0, 9576.0, 2400.0]
[1920.0, 7680.0, 9600.0, 9600.0, 9600.0, 9600.0, 9600.0, 9600.0, 9600.0, 9600.0, 9600.0, 2400.0, 1916.0, 4760.0, 4174.0, 5853.0, 4401.0, 4712.0, 3445.0, 4045.0, 5120.0, 6392.0, 9568.0, 2400.0]
[1920.0, 7680.0, 9600.0, 9600.0, 9600.0, 9600.0, 9600.0, 9600.0, 9600.0, 9600.0, 9600.0, 2400.0, 1920.0, 4746.0, 4173.0, 5779.0, 4369.0, 4686.0, 3425.0, 4024.0, 5146.0, 6326.0, 9600.0, 2400.0]
[1920.0, 7680.0, 9600.0, 9600.0, 9600.0, 9600.0, 9600.0, 9600.0, 9600.0, 9600.0, 9600.0, 2400.0, 1916.0, 4728.0, 4151.0, 5691.0, 4308.0, 4651.0, 3410.0, 4005.0, 5073.0, 6241.0, 9560.0, 2400.0]
[1920.0, 7680.0, 9600.0, 9600.0, 9600.0, 9600.0, 9600.0, 9600.0, 9600.0, 9600.0, 9600.0, 2400.0, 1916.0, 4746.0, 4167.0, 5822.0, 4410.0, 4703.0, 3436.0, 4000.0, 5140.0, 6360.0, 9568.0, 2400.0]
[1920.0, 7680.0, 9600.0, 9600.0, 9600.0, 9600.0, 9600.0, 9600.0, 9600.0, 9600.0, 9600.0, 2400.0, 1916.0, 4750.0, 4122.0, 5650.0, 4312.0, 4734.0, 3453.0, 4001.0, 5075.0, 6355.0, 9559.0, 2400.0]
[1920.0, 7680.0, 9600.0, 9600.0, 9600.0, 9600.0, 9600.0, 9600.0, 9600.0, 9600.0, 9600.0, 2400.0, 1920.0, 4766.0, 4131.0, 5722.0, 4382.0, 4745.0, 3433.0, 4026.0, 5096.0, 6357.0, 9600.0, 2400.0]
[1920.0, 7680.0, 9600.0, 9600.0, 9600.0, 9600.0, 9600.0, 9600.0, 9600.0, 9600.0, 9600.0, 2400.0, 1916.0, 4727.0, 4126.0, 5663.0, 4309.0, 4672.0, 3437.0, 4005.0, 5065.0, 6251.0, 9564.0, 2400.0]
[1920.0, 7680.0, 9600.0, 9600.0, 9600.0, 9600.0, 9600.0, 9600.0, 9600.0, 9600.0, 9600.0, 2400.0, 1908.0, 4726.0, 4106.0, 5601.0, 4248.0, 4642.0, 3422.0, 3993.0, 4990.0, 6194.0, 9484.0, 2400.0]
[1920.0, 7680.0, 9600.0, 9600.0, 9600.0, 9600.0, 9600.0, 9600.0, 9600.0, 9600.0, 9600.0, 2400.0, 1920.0, 4768.0, 4149.0, 5708.0, 4369.0, 4704.0, 3429.0, 4009.0, 5022.0, 6236.0, 9600.0, 2400.0]
[1920.0, 7680.0, 9600.0, 9600.0, 9600.0, 9600.0, 9600.0, 9600.0, 9600.0, 9600.0, 9600.0, 2400.0, 1916.0, 4764.0, 4132.0, 5692.0, 4363.0, 4740.0, 3436.0, 4008.0, 4970.0, 6170.0, 9560.0, 2400.0]
[1920.0, 7680.0, 9600.0, 9600.0, 9600.0, 9600.0, 9600.0, 9600.0, 9600.0, 9600.0, 9600.0, 2400.0, 1908.0, 4730.0, 4116.0, 5621.0, 4283.0, 4575.0, 3353.0, 3798.0, 4987.0, 6017.0, 9224.0, 2400.0]
[1920.0, 7680.0, 9600.0, 9600.0, 9600.0, 9600.0, 9600.0, 9600.0, 9600.0, 9600.0, 9600.0, 2400.0, 1896.0, 4712.0, 4099.0, 5468.0, 4110.0, 4424.0, 3301.0, 3734.0, 4881.0, 5501.0, 8416.0, 2400.0]
[1920.0, 7680.0, 9600.0, 9600.0, 9600.0, 9600.0, 9600.0, 9600.0, 9600.0, 9600.0, 9600.0, 2400.0, 1912.0, 4760.0, 4095.0, 5569.0, 4211.0, 4474.0, 3312.0, 3793.0, 4915.0, 5553.0, 8510.0, 2400.0]
[1920.0, 7680.0, 9600.0, 9600.0, 9600.0, 9600.0, 9600.0, 9600.0, 9600.0, 9600.0, 9600.0, 2400.0, 1904.0, 4704.0, 4114.0, 5723.0, 4301.0, 4452.0, 3298.0, 3762.0, 4925.0, 5465.0, 8460.0, 2400.0]
[1920.0, 7680.0, 9600.0, 9600.0, 9600.0, 9600.0, 9600.0, 9600.0, 9600.0, 9600.0, 9600.0, 2400.0, 1910.0, 4747.0, 4127.0, 5645.0, 4272.0, 4473.0, 3267.0, 3758.0, 4932.0, 5477.0, 8504.0, 2400.0]
[1920.0, 7680.0, 9600.0, 9600.0, 9600.0, 9600.0, 9600.0, 9600.0, 9600.0, 9600.0, 9600.0, 2400.0, 1916.0, 4762.0, 4122.0, 5707.0, 4286.0, 4424.0, 3268.0, 3753.0, 4929.0, 5467.0, 8566.0, 2400.0]
[1920.0, 7680.0, 9600.0, 9600.0, 9600.0, 9600.0, 9600.0, 9600.0, 9600.0, 9600.0, 9600.0, 2400.0, 1908.0, 4744.0, 4113.0, 5699.0, 4292.0, 4462.0, 3257.0, 3747.0, 4924.0, 5428.0, 8500.0, 2400.0]
[1920.0, 7680.0, 9600.0, 9600.0, 9600.0, 9600.0, 9600.0, 9600.0, 9600.0, 9600.0, 9600.0, 2400.0, 1912.0, 4750.0, 4094.0, 5671.0, 4268.0, 4432.0, 3256.0, 3771.0, 4915.0, 5409.0, 8522.0, 2400.0]
[1920.0, 7680.0, 9600.0, 9600.0, 9600.0, 9600.0, 9600.0, 9600.0, 9600.0, 9600.0, 9600.0, 2400.0, 1896.0, 4720.0, 4084.0, 5536.0, 4150.0, 4344.0, 3203.0, 3717.0, 4831.0, 5268.0, 8368.0, 2400.0]
[1920.0, 7680.0, 9600.0, 9600.0, 9600.0, 9600.0, 9600.0, 9600.0, 9600.0, 9600.0, 9600.0, 2400.0, 1908.0, 4733.0, 4135.0, 5757.0, 4372.0, 4463.0, 3204.0, 3751.0, 4916.0, 5293.0, 8521.0, 2400.0]
[1920.0, 7680.0, 9600.0, 9600.0, 9600.0, 9600.0, 9600.0, 9600.0, 9600.0, 9600.0, 9600.0, 2400.0, 1920.0, 4774.0, 4135.0, 5840.0, 4443.0, 4490.0, 3228.0, 3772.0, 4965.0, 5400.0, 8598.0, 2400.0]
[1920.0, 7680.0, 9600.0, 9600.0, 9600.0, 9600.0, 9600.0, 9600.0, 9600.0, 9600.0, 9600.0, 2400.0, 1906.0, 4733.0, 4110.0, 5682.0, 4286.0, 4382.0, 3180.0, 3749.0, 4899.0, 5175.0, 8488.0, 2400.0]
[1920.0, 7680.0, 9600.0, 9600.0, 9600.0, 9600.0, 9600.0, 9600.0, 9600.0, 9600.0, 9600.0, 2400.0, 1908.0, 4722.0, 4115.0, 5647.0, 4264.0, 4397.0, 3156.0, 3750.0, 4878.0, 5125.0, 8488.0, 2400.0]
[1920.0, 7680.0, 9600.0, 9600.0, 9600.0, 9600.0, 9600.0, 9600.0, 9600.0, 9600.0, 9600.0, 2400.0, 1912.0, 4735.0, 4121.0, 5699.0, 4356.0, 4453.0, 3127.0, 3756.0, 4941.0, 5213.0, 8526.0, 2400.0]
[1920.0, 7680.0, 9600.0, 9600.0, 9600.0, 9600.0, 9600.0, 9600.0, 9600.0, 9600.0, 9600.0, 2400.0, 1900.0, 4699.0, 4115.0, 5617.0, 4389.0, 4384.0, 3117.0, 3730.0, 4945.0, 5228.0, 8557.0, 2400.0]
[1920.0, 7680.0, 9600.0, 9600.0, 9600.0, 9600.0, 9600.0, 9600.0, 9600.0, 9600.0, 9600.0, 2400.0, 1894.0, 4689.0, 4091.0, 5517.0, 4325.0, 4336.0, 3123.0, 3706.0, 4879.0, 5154.0, 8488.0, 2400.0]
[1920.0, 7680.0, 9600.0, 9600.0, 9600.0, 9600.0, 9600.0, 9600.0, 9600.0, 9600.0, 9600.0, 2400.0, 1894.0, 4696.0, 4100.0, 5497.0, 4315.0, 4296.0, 3099.0, 3685.0, 4899.0, 5144.0, 8454.0, 2400.0]
[1920.0, 7680.0, 9600.0, 9600.0, 9600.0, 9600.0, 9600.0, 9600.0, 9600.0, 9600.0, 9600.0, 2400.0, 1886.0, 4683.0, 4086.0, 5374.0, 4156.0, 4152.0, 3070.0, 3683.0, 4809.0, 5066.0, 8347.0, 2400.0]
[1920.0, 7680.0, 9600.0, 9600.0, 9600.0, 9600.0, 9600.0, 9600.0, 9600.0, 9600.0, 9600.0, 2400.0, 1884.0, 4677.0, 4059.0, 5203.0, 4051.0, 4142.0, 3059.0, 3667.0, 4804.0, 5096.0, 8412.0, 2400.0]
[1920.0, 7680.0, 9600.0, 9600.0, 9600.0, 9600.0, 9600.0, 9600.0, 9600.0, 9600.0, 9600.0, 2400.0, 1878.0, 4663.0, 4049.0, 5128.0, 3958.0, 4045.0, 3030.0, 3622.0, 4767.0, 5045.0, 8266.0, 2400.0]
[1920.0, 7680.0, 9600.0, 9600.0, 9600.0, 9600.0, 9600.0, 9600.0, 9600.0, 9600.0, 9600.0, 2400.0, 1846.0, 4610.0, 4042.0, 4817.0, 3481.0, 3857.0, 2903.0, 3442.0, 4619.0, 4876.0, 7689.0, 2400.0]
[1920.0, 7680.0, 9600.0, 9600.0, 9600.0, 9600.0, 9600.0, 9600.0, 9600.0, 9600.0, 9600.0, 2400.0, 1856.0, 4627.0, 4022.0, 4659.0, 3340.0, 3803.0, 2874.0, 3407.0, 4683.0, 4996.0, 7700.0, 2400.0]
[1920.0, 7680.0, 9600.0, 9600.0, 9600.0, 9600.0, 9600.0, 9600.0, 9600.0, 9600.0, 9600.0, 2400.0, 1872.0, 4671.0, 4053.0, 4688.0, 3165.0, 3850.0, 2798.0, 3307.0, 4679.0, 5008.0, 7403.0, 2400.0]
[1920.0, 7680.0, 9600.0, 9600.0, 9600.0, 9600.0, 9600.0, 9600.0, 9600.0, 9600.0, 9600.0, 2400.0, 1850.0, 4621.0, 4015.0, 4194.0, 2762.0, 3606.0, 2744.0, 3282.0, 4599.0, 4956.0, 7312.0, 2400.0]
[1920.0, 7680.0, 9600.0, 9600.0, 9600.0, 9600.0, 9600.0, 9600.0, 9600.0, 9600.0, 9600.0, 2400.0, 1852.0, 4627.0, 4024.0, 4177.0, 2765.0, 3633.0, 2771.0, 3314.0, 4637.0, 5005.0, 7467.0, 2400.0]
[1920.0, 7680.0, 9600.0, 9600.0, 9600.0, 9600.0, 9600.0, 9600.0, 9600.0, 9600.0, 9600.0, 2400.0, 1824.0, 4558.0, 3980.0, 4008.0, 2534.0, 3530.0, 2715.0, 3213.0, 4584.0, 4912.0, 7024.0, 2400.0]
[1920.0, 7680.0, 9600.0, 9600.0, 9600.0, 9600.0, 9600.0, 9600.0, 9600.0, 9600.0, 9600.0, 2400.0, 1846.0, 4613.0, 3988.0, 4041.0, 2594.0, 3536.0, 2722.0, 3239.0, 4630.0, 4587.0, 6339.0, 2400.0]
[1920.0, 7680.0, 9600.0, 9600.0, 9600.0, 9600.0, 9600.0, 9600.0, 9600.0, 9600.0, 9600.0, 2400.0, 1830.0, 4572.0, 3988.0, 4081.0, 2617.0, 3616.0, 2749.0, 3184.0, 4606.0, 4514.0, 6248.0, 2400.0]
[1920.0, 7680.0, 9600.0, 9600.0, 9600.0, 9600.0, 9600.0, 9600.0, 9600.0, 9600.0, 9600.0, 2400.0, 1856.0, 4623.0, 4010.0, 4057.0, 2567.0, 3531.0, 2937.0, 3450.0, 4608.0, 4557.0, 6199.0, 2400.0]
[1920.0, 7680.0, 9600.0, 9600.0, 9600.0, 9600.0, 9600.0, 9600.0, 9600.0, 9600.0, 9600.0, 2400.0, 1844.0, 4604.0, 4017.0, 4063.0, 2539.0, 3524.0, 2888.0, 3366.0, 4590.0, 4472.0, 6103.0, 2400.0]
[1920.0, 7680.0, 9600.0, 9600.0, 9600.0, 9600.0, 9600.0, 9600.0, 9600.0, 9600.0, 9600.0, 2400.0, 1842.0, 4605.0, 4009.0, 3967.0, 2446.0, 3430.0, 2816.0, 3318.0, 4584.0, 4636.0, 6325.0, 2400.0]
[1920.0, 7680.0, 9600.0, 9600.0, 9600.0, 9600.0, 9600.0, 9600.0, 9600.0, 9600.0, 9600.0, 2400.0, 1866.0, 4661.0, 4057.0, 4002.0, 2511.0, 3420.0, 2873.0, 3417.0, 4649.0, 5034.0, 7080.0, 2400.0]
[1920.0, 7680.0, 9600.0, 9600.0, 9600.0, 9600.0, 9600.0, 9600.0, 9600.0, 9600.0, 9600.0, 2400.0, 1838.0, 4586.0, 3943.0, 3902.0, 2330.0, 3233.0, 2945.0, 3442.0, 4483.0, 4507.0, 6092.0, 2400.0]
[1920.0, 7680.0, 9600.0, 9600.0, 9600.0, 9600.0, 9600.0, 9600.0, 9600.0, 9600.0, 9600.0, 2400.0, 1824.0, 4541.0, 3965.0, 4002.0, 2397.0, 3279.0, 3072.0, 3501.0, 4509.0, 4382.0, 5935.0, 2400.0]
[1920.0, 7680.0, 9600.0, 9600.0, 9600.0, 9600.0, 9600.0, 9600.0, 9600.0, 9600.0, 9600.0, 2400.0, 1848.0, 4613.0, 4006.0, 4036.0, 2482.0, 3329.0, 3091.0, 3521.0, 4628.0, 4482.0, 6030.0, 2400.0]
[1920.0, 7680.0, 9600.0, 9600.0, 9600.0, 9600.0, 9600.0, 9600.0, 9600.0, 9600.0, 9600.0, 2400.0, 1838.0, 4595.0, 3968.0, 3967.0, 2417.0, 3231.0, 2997.0, 3455.0, 4567.0, 4428.0, 5927.0, 2400.0]
[1920.0, 7680.0, 9600.0, 9600.0, 9600.0, 9600.0, 9600.0, 9600.0, 9600.0, 9600.0, 9600.0, 2400.0, 1838.0, 4583.0, 3957.0, 3960.0, 2371.0, 3184.0, 3011.0, 3479.0, 4534.0, 4408.0, 5899.0, 2400.0]
[1920.0, 7680.0, 9600.0, 9600.0, 9600.0, 9600.0, 9600.0, 9600.0, 9600.0, 9600.0, 9600.0, 2400.0, 1854.0, 4617.0, 3948.0, 3889.0, 2343.0, 3213.0, 3031.0, 3533.0, 4517.0, 4439.0, 5878.0, 2400.0]
[1920.0, 7680.0, 9600.0, 9600.0, 9600.0, 9600.0, 9600.0, 9600.0, 9600.0, 9600.0, 9600.0, 2400.0, 1806.0, 4494.0, 3880.0, 3838.0, 2245.0, 3100.0, 3020.0, 3460.0, 4451.0, 4290.0, 5662.0, 2400.0]
[1920.0, 7680.0, 9600.0, 9600.0, 9600.0, 9600.0, 9600.0, 9600.0, 9600.0, 9600.0, 9600.0, 2400.0, 1806.0, 4470.0, 3838.0, 3815.0, 2178.0, 3013.0, 3046.0, 3479.0, 4407.0, 4689.0, 6472.0, 2400.0]
[1920.0, 7680.0, 9600.0, 9600.0, 9600.0, 9600.0, 9600.0, 9600.0, 9600.0, 9600.0, 9600.0, 2400.0, 1830.0, 4544.0, 3843.0, 3794.0, 2225.0, 3060.0, 3116.0, 3604.0, 4430.0, 4805.0, 6693.0, 2400.0]
[1920.0, 7680.0, 9600.0, 9600.0, 9600.0, 9600.0, 9600.0, 9600.0, 9600.0, 9600.0, 9600.0, 2400.0, 1794.0, 4433.0, 3784.0, 3719.0, 2056.0, 2966.0, 3067.0, 3508.0, 4324.0, 4498.0, 6168.0, 2400.0]
[1920.0, 7680.0, 9600.0, 9600.0, 9600.0, 9600.0, 9600.0, 9600.0, 9600.0, 9600.0, 9600.0, 2400.0, 1810.0, 4460.0, 3803.0, 3774.0, 2056.0, 2956.0, 3090.0, 3526.0, 4380.0, 4532.0, 6051.0, 2400.0]
[1920.0, 7680.0, 9600.0, 9600.0, 9600.0, 9600.0, 9600.0, 9600.0, 9600.0, 9600.0, 9600.0, 2400.0, 1808.0, 4425.0, 3744.0, 3766.0, 2047.0, 2956.0, 3116.0, 3541.0, 4398.0, 4613.0, 6223.0, 2400.0]
[1920.0, 7680.0, 9600.0, 9600.0, 9600.0, 9600.0, 9600.0, 9600.0, 9600.0, 9600.0, 9600.0, 2400.0, 1812.0, 4389.0, 3785.0, 3861.0, 2081.0, 2953.0, 3161.0, 3592.0, 4425.0, 4234.0, 5405.0, 2400.0]
[1920.0, 7680.0, 9600.0, 9600.0, 9600.0, 9600.0, 9600.0, 9600.0, 9600.0, 9600.0, 9600.0, 2400.0, 1802.0, 4377.0, 3689.0, 3724.0, 1986.0, 2874.0, 3142.0, 3569.0, 4354.0, 4230.0, 5454.0, 2400.0]
[1920.0, 7680.0, 9600.0, 9600.0, 9600.0, 9600.0, 9600.0, 9600.0, 9600.0, 9600.0, 9600.0, 2400.0, 1770.0, 4255.0, 3659.0, 3829.0, 2034.0, 2909.0, 3166.0, 3589.0, 4359.0, 4176.0, 5406.0, 2400.0]
[1920.0, 7680.0, 9600.0, 9600.0, 9600.0, 9600.0, 9600.0, 9600.0, 9600.0, 9600.0, 9600.0, 2400.0, 1606.0, 3863.0, 3683.0, 3829.0, 2135.0, 2996.0, 3252.0, 3733.0, 4383.0, 4227.0, 5664.0, 2400.0]
[1920.0, 7680.0, 9600.0, 9600.0, 9600.0, 9600.0, 9600.0, 9600.0, 9600.0, 9600.0, 9600.0, 2400.0, 1566.0, 3757.0, 3604.0, 3709.0, 1934.0, 2840.0, 3155.0, 3566.0, 4292.0, 4100.0, 5350.0, 2400.0]
[1920.0, 7680.0, 9600.0, 9600.0, 9600.0, 9600.0, 9600.0, 9600.0, 9600.0, 9600.0, 9600.0, 2400.0, 1576.0, 3783.0, 3596.0, 3743.0, 1988.0, 2882.0, 3172.0, 3589.0, 4287.0, 4130.0, 5400.0, 2400.0]
[1920.0, 7680.0, 9600.0, 9600.0, 9600.0, 9600.0, 9600.0, 9600.0, 9600.0, 9600.0, 9600.0, 2400.0, 1568.0, 3746.0, 3594.0, 3732.0, 1928.0, 2847.0, 3149.0, 3560.0, 4293.0, 4067.0, 5324.0, 2400.0]
[1920.0, 7680.0, 9600.0, 9600.0, 9600.0, 9600.0, 9600.0, 9600.0, 9600.0, 9600.0, 9600.0, 2400.0, 1546.0, 3686.0, 3551.0, 3695.0, 1884.0, 2806.0, 3134.0, 3511.0, 4249.0, 3997.0, 5262.0, 2400.0]
[1920.0, 7680.0, 9600.0, 9600.0, 9600.0, 9600.0, 9600.0, 9600.0, 9600.0, 9600.0, 9600.0, 2400.0, 1566.0, 3766.0, 3590.0, 3665.0, 1905.0, 2864.0, 3183.0, 3592.0, 4242.0, 4051.0, 5358.0, 2400.0]
[1920.0, 7680.0, 9600.0, 9600.0, 9600.0, 9600.0, 9600.0, 9600.0, 9600.0, 9600.0, 9600.0, 2400.0, 1544.0, 3669.0, 3411.0, 3609.0, 1863.0, 2773.0, 3032.0, 3412.0, 4217.0, 3972.0, 5316.0, 2400.0]
[1920.0, 7680.0, 9600.0, 9600.0, 9600.0, 9600.0, 9600.0, 9600.0, 9600.0, 9600.0, 9600.0, 2400.0, 1572.0, 3752.0, 3368.0, 3557.0, 1805.0, 2773.0, 3089.0, 3495.0, 4208.0, 4030.0, 5344.0, 2400.0]
[1920.0, 7680.0, 9600.0, 9600.0, 9600.0, 9600.0, 9600.0, 9600.0, 9600.0, 9600.0, 9600.0, 2400.0, 1574.0, 3730.0, 3378.0, 3625.0, 1874.0, 2798.0, 3082.0, 3482.0, 4188.0, 3979.0, 5308.0, 2400.0]
[1920.0, 7680.0, 9600.0, 9600.0, 9600.0, 9600.0, 9600.0, 9600.0, 9600.0, 9600.0, 9600.0, 2400.0, 1568.0, 3733.0, 3339.0, 3539.0, 1801.0, 2757.0, 3071.0, 3468.0, 4147.0, 4045.0, 5496.0, 2400.0]
[1920.0, 7680.0, 9600.0, 9600.0, 9600.0, 9600.0, 9600.0, 9600.0, 9600.0, 9600.0, 9600.0, 2400.0, 1592.0, 3847.0, 3485.0, 3669.0, 1854.0, 2827.0, 3177.0, 3604.0, 4234.0, 4433.0, 6070.0, 2400.0]
[1920.0, 7680.0, 9600.0, 9600.0, 9600.0, 9600.0, 9600.0, 9600.0, 9600.0, 9600.0, 9600.0, 2400.0, 1584.0, 3829.0, 3396.0, 3590.0, 1873.0, 2816.0, 3084.0, 3505.0, 4187.0, 4034.0, 5352.0, 2400.0]
[1920.0, 7680.0, 9600.0, 9600.0, 9600.0, 9600.0, 9600.0, 9600.0, 9600.0, 9600.0, 9600.0, 2400.0, 1564.0, 3826.0, 3406.0, 3579.0, 1860.0, 2791.0, 3096.0, 3490.0, 4179.0, 4008.0, 5290.0, 2400.0]
[1920.0, 7680.0, 9600.0, 9600.0, 9600.0, 9600.0, 9600.0, 9600.0, 9600.0, 9600.0, 9600.0, 2400.0, 1558.0, 3800.0, 3351.0, 3526.0, 1818.0, 2771.0, 3094.0, 3486.0, 4095.0, 3940.0, 5312.0, 2400.0]
[1920.0, 7680.0, 9600.0, 9600.0, 9600.0, 9600.0, 9600.0, 9600.0, 9600.0, 9600.0, 9600.0, 2400.0, 1566.0, 3775.0, 3294.0, 3502.0, 1842.0, 2784.0, 3080.0, 3502.0, 4129.0, 3998.0, 5364.0, 2400.0]
[1920.0, 7680.0, 9600.0, 9600.0, 9600.0, 9600.0, 9600.0, 9600.0, 9600.0, 9600.0, 9600.0, 2400.0, 1536.0, 3666.0, 3260.0, 3471.0, 1745.0, 2704.0, 3071.0, 3466.0, 4089.0, 3863.0, 5272.0, 2400.0]
[1920.0, 7680.0, 9600.0, 9600.0, 9600.0, 9600.0, 9600.0, 9600.0, 9600.0, 9600.0, 9600.0, 2400.0, 1200.0, 3573.0, 3828.0, 3415.0, 4026.0, 2878.0, 1107.0, 1802.0, 4211.0, 2662.0, 3000.0, 2160.0]
[1920.0, 7680.0, 9600.0, 9600.0, 9600.0, 9600.0, 9600.0, 9600.0, 9600.0, 9600.0, 9600.0, 2400.0, 1200.0, 3915.0, 4265.0, 3685.0, 4041.0, 2985.0, 1771.0, 1823.0, 3922.0, 3187.0, 3496.0, 2160.0]
[1920.0, 7680.0, 9600.0, 9600.0, 9600.0, 9600.0, 9600.0, 9600.0, 9600.0, 9600.0, 9600.0, 2400.0, 1110.0, 3654.0, 4298.0, 3545.0, 4096.0, 4722.0, 3787.0, 2495.0, 4485.0, 4637.0, 4800.0, 2160.0]
[1920.0, 7680.0, 9600.0, 9600.0, 9600.0, 9600.0, 9600.0, 9600.0, 9600.0, 9600.0, 9600.0, 2400.0, 960.0, 3348.0, 4286.0, 3452.0, 4228.0, 4681.0, 3976.0, 2801.0, 5207.0, 4839.0, 4792.0, 2160.0]
[1920.0, 7680.0, 9600.0, 9600.0, 9600.0, 9600.0, 9600.0, 9600.0, 9600.0, 9600.0, 9600.0, 2400.0, 960.0, 3354.0, 4280.0, 3454.0, 4156.0, 4644.0, 4054.0, 3353.0, 5568.0, 4800.0, 4800.0, 2160.0]
[1920.0, 7680.0, 9600.0, 9600.0, 9600.0, 9600.0, 9600.0, 9600.0, 9600.0, 9600.0, 9600.0, 2400.0, 960.0, 3360.0, 4287.0, 3475.0, 4205.0, 4680.0, 4126.0, 3511.0, 5679.0, 4864.0, 4800.0, 2160.0]
[1920.0, 7680.0, 9600.0, 9600.0, 9600.0, 9600.0, 9600.0, 9600.0, 9600.0, 9600.0, 9600.0, 2400.0, 960.0, 3355.0, 4273.0, 3457.0, 4104.0, 4607.0, 4131.0, 3557.0, 5697.0, 4817.0, 4800.0, 2160.0]
[1920.0, 7680.0, 9600.0, 9600.0, 9600.0, 9600.0, 9600.0, 9600.0, 9600.0, 9600.0, 9600.0, 2400.0, 960.0, 3348.0, 4251.0, 3386.0, 4087.0, 4436.0, 4119.0, 3622.0, 5736.0, 4775.0, 4792.0, 2160.0]
[1920.0, 7680.0, 9600.0, 9600.0, 9600.0, 9600.0, 9600.0, 9600.0, 9600.0, 9600.0, 9600.0, 2400.0, 960.0, 3346.0, 4258.0, 3405.0, 4133.0, 4341.0, 4185.0, 3643.0, 5683.0, 4726.0, 4792.0, 2160.0]
[1920.0, 7680.0, 9600.0, 9600.0, 9600.0, 9600.0, 9600.0, 9600.0, 9600.0, 9600.0, 9600.0, 2400.0, 960.0, 3346.0, 4218.0, 3368.0, 4111.0, 4341.0, 4119.0, 3620.0, 5708.0, 4728.0, 4784.0, 2160.0]
[1920.0, 7680.0, 9600.0, 9600.0, 9600.0, 9600.0, 9600.0, 9600.0, 9600.0, 9600.0, 9600.0, 2400.0, 960.0, 3358.0, 4252.0, 3360.0, 4046.0, 4317.0, 4138.0, 3508.0, 5803.0, 4786.0, 4800.0, 2160.0]
[1920.0, 7680.0, 9600.0, 9600.0, 9600.0, 9600.0, 9600.0, 9600.0, 9600.0, 9600.0, 9600.0, 2400.0, 960.0, 3360.0, 4265.0, 3389.0, 4093.0, 4328.0, 4135.0, 3429.0, 5854.0, 4816.0, 4800.0, 2160.0]
[1920.0, 7680.0, 9600.0, 9600.0, 9600.0, 9600.0, 9600.0, 9600.0, 9600.0, 9600.0, 9600.0, 2400.0, 960.0, 3342.0, 4267.0, 3314.0, 4148.0, 4372.0, 4146.0, 3464.0, 5886.0, 4829.0, 4792.0, 2160.0]
[1920.0, 7680.0, 9600.0, 9600.0, 9600.0, 9600.0, 9600.0, 9600.0, 9600.0, 9600.0, 9600.0, 2400.0, 960.0, 3338.0, 4217.0, 3264.0, 4055.0, 4287.0, 4067.0, 3940.0, 6192.0, 4771.0, 4784.0, 2160.0]
[1920.0, 7680.0, 9600.0, 9600.0, 9600.0, 9600.0, 9600.0, 9600.0, 9600.0, 9600.0, 9600.0, 2400.0, 960.0, 3360.0, 4291.0, 3267.0, 4114.0, 4335.0, 4108.0, 4275.0, 6420.0, 4825.0, 4800.0, 2160.0]
[1920.0, 7680.0, 9600.0, 9600.0, 9600.0, 9600.0, 9600.0, 9600.0, 9600.0, 9600.0, 9600.0, 2400.0, 960.0, 3352.0, 4274.0, 3196.0, 4122.0, 4362.0, 4066.0, 4179.0, 6576.0, 5078.0, 4800.0, 2160.0]
[1920.0, 7680.0, 9600.0, 9600.0, 9600.0, 9600.0, 9600.0, 9600.0, 9600.0, 9600.0, 9600.0, 2400.0, 960.0, 3294.0, 3895.0, 3119.0, 3646.0, 3938.0, 3698.0, 3197.0, 5937.0, 5095.0, 4800.0, 2160.0]
[1920.0, 7680.0, 9600.0, 9600.0, 9600.0, 9600.0, 9600.0, 9600.0, 9600.0, 9600.0, 9600.0, 2400.0, 960.0, 3196.0, 3550.0, 2989.0, 3418.0, 3716.0, 3389.0, 2721.0, 5469.0, 4847.0, 4800.0, 2160.0]
[1920.0, 7680.0, 9600.0, 9600.0, 9600.0, 9600.0, 9600.0, 9600.0, 9600.0, 9600.0, 9600.0, 2400.0, 960.0, 3120.0, 3369.0, 2866.0, 3370.0, 3594.0, 3266.0, 2727.0, 5159.0, 4653.0, 4800.0, 2160.0]
[1920.0, 7680.0, 9600.0, 9600.0, 9600.0, 9600.0, 9600.0, 9600.0, 9600.0, 9600.0, 9600.0, 2400.0, 960.0, 3032.0, 3122.0, 2711.0, 3338.0, 3420.0, 2904.0, 2347.0, 5009.0, 4628.0, 4800.0, 2160.0]
[1920.0, 7680.0, 9600.0, 9600.0, 9600.0, 9600.0, 9600.0, 9600.0, 9600.0, 9600.0, 9600.0, 2400.0, 960.0, 3000.0, 3050.0, 2626.0, 3261.0, 3308.0, 2789.0, 2247.0, 4952.0, 4615.0, 4800.0, 2160.0]
[1920.0, 7680.0, 9600.0, 9600.0, 9600.0, 9600.0, 9600.0, 9600.0, 9600.0, 9600.0, 9600.0, 2400.0, 960.0, 2960.0, 2982.0, 2574.0, 3209.0, 3233.0, 2769.0, 2262.0, 4930.0, 4640.0, 4800.0, 2160.0]
[1920.0, 7680.0, 9600.0, 9600.0, 9600.0, 9600.0, 9600.0, 9600.0, 9600.0, 9600.0, 9600.0, 2400.0, 960.0, 2936.0, 2845.0, 2472.0, 3161.0, 3166.0, 2558.0, 2021.0, 4837.0, 4586.0, 4800.0, 2160.0]
[1920.0, 7680.0, 9600.0, 9600.0, 9600.0, 9600.0, 9600.0, 9600.0, 9600.0, 9600.0, 9600.0, 2400.0, 960.0, 2980.0, 3048.0, 2568.0, 3234.0, 3245.0, 2730.0, 2002.0, 4794.0, 4627.0, 4800.0, 2160.0]
[1920.0, 7680.0, 9600.0, 9600.0, 9600.0, 9600.0, 9600.0, 9600.0, 9600.0, 9600.0, 9600.0, 2400.0, 960.0, 2948.0, 2962.0, 2508.0, 3199.0, 3163.0, 2559.0, 1937.0, 4807.0, 4649.0, 4800.0, 2160.0]
[1920.0, 7680.0, 9600.0, 9600.0, 9600.0, 9600.0, 9600.0, 9600.0, 9600.0, 9600.0, 9600.0, 2400.0, 960.0, 2940.0, 2881.0, 2443.0, 3148.0, 3115.0, 2485.0, 1844.0, 4757.0, 4600.0, 4800.0, 2160.0]
[1920.0, 7680.0, 9600.0, 9600.0, 9600.0, 9600.0, 9600.0, 9600.0, 9600.0, 9600.0, 9600.0, 2400.0, 960.0, 2920.0, 2899.0, 2433.0, 3172.0, 3125.0, 2457.0, 1831.0, 4780.0, 4626.0, 4800.0, 2160.0]
[1920.0, 7680.0, 9600.0, 9600.0, 9600.0, 9600.0, 9600.0, 9600.0, 9600.0, 9600.0, 9600.0, 2400.0, 960.0, 2852.0, 2720.0, 2330.0, 3107.0, 3004.0, 2277.0, 1739.0, 4754.0, 4599.0, 4800.0, 2160.0]
[1920.0, 7680.0, 9600.0, 9600.0, 9600.0, 9600.0, 9600.0, 9600.0, 9600.0, 9600.0, 9600.0, 2400.0, 960.0, 2812.0, 2689.0, 2290.0, 3094.0, 2932.0, 2187.0, 1756.0, 4795.0, 4624.0, 4800.0, 2160.0]
[1920.0, 7680.0, 9600.0, 9600.0, 9600.0, 9600.0, 9600.0, 9600.0, 9600.0, 9600.0, 9600.0, 2400.0, 960.0, 2792.0, 2662.0, 2281.0, 3087.0, 2873.0, 2092.0, 1728.0, 4747.0, 4589.0, 4800.0, 2160.0]
[1920.0, 7680.0, 9600.0, 9600.0, 9600.0, 9600.0, 9600.0, 9600.0, 9600.0, 9600.0, 9600.0, 2400.0, 960.0, 2852.0, 2612.0, 2225.0, 3031.0, 2845.0, 2039.0, 1631.0, 4730.0, 4573.0, 4800.0, 2160.0]
[1920.0, 7680.0, 9600.0, 9600.0, 9600.0, 9600.0, 9600.0, 9600.0, 9600.0, 9600.0, 9600.0, 2400.0, 960.0, 2924.0, 2605.0, 2200.0, 3105.0, 2892.0, 2205.0, 1782.0, 4906.0, 4700.0, 4800.0, 2160.0]
[1920.0, 7680.0, 9600.0, 9600.0, 9600.0, 9600.0, 9600.0, 9600.0, 9600.0, 9600.0, 9600.0, 2400.0, 960.0, 2924.0, 2617.0, 2179.0, 3100.0, 2931.0, 2270.0, 1802.0, 4901.0, 4691.0, 4800.0, 2160.0]
[1920.0, 7680.0, 9600.0, 9600.0, 9600.0, 9600.0, 9600.0, 9600.0, 9600.0, 9600.0, 9600.0, 2400.0, 960.0, 2884.0, 2509.0, 2134.0, 3093.0, 2897.0, 2180.0, 1773.0, 4881.0, 4680.0, 4800.0, 2160.0]
[1920.0, 7680.0, 9600.0, 9600.0, 9600.0, 9600.0, 9600.0, 9600.0, 9600.0, 9600.0, 9600.0, 2400.0, 960.0, 2956.0, 2642.0, 2176.0, 3108.0, 2920.0, 2234.0, 1761.0, 4835.0, 4654.0, 4800.0, 2160.0]
[1920.0, 7680.0, 9600.0, 9600.0, 9600.0, 9600.0, 9600.0, 9600.0, 9600.0, 9600.0, 9600.0, 2400.0, 960.0, 2932.0, 2510.0, 2143.0, 3099.0, 2918.0, 2184.0, 1736.0, 4836.0, 4650.0, 4800.0, 2160.0]
[1920.0, 7680.0, 9600.0, 9600.0, 9600.0, 9600.0, 9600.0, 9600.0, 9600.0, 9600.0, 9600.0, 2400.0, 960.0, 2872.0, 2337.0, 2070.0, 3065.0, 2854.0, 2070.0, 1716.0, 4824.0, 4646.0, 4800.0, 2160.0]
[1920.0, 7680.0, 9600.0, 9600.0, 9600.0, 9600.0, 9600.0, 9600.0, 9600.0, 9600.0, 9600.0, 2400.0, 960.0, 2896.0, 2426.0, 2114.0, 3113.0, 2926.0, 2151.0, 1740.0, 4856.0, 4662.0, 4800.0, 2160.0]
[1920.0, 7680.0, 9600.0, 9600.0, 9600.0, 9600.0, 9600.0, 9600.0, 9600.0, 9600.0, 9600.0, 2400.0, 960.0, 2856.0, 2300.0, 2043.0, 3053.0, 2811.0, 1972.0, 1686.0, 4835.0, 4650.0, 4800.0, 2160.0]
[1920.0, 7680.0, 9600.0, 9600.0, 9600.0, 9600.0, 9600.0, 9600.0, 9600.0, 9600.0, 9600.0, 2400.0, 960.0, 2860.0, 2323.0, 2062.0, 3078.0, 2866.0, 2038.0, 1705.0, 4841.0, 4653.0, 4800.0, 2160.0]
[1920.0, 7680.0, 9600.0, 9600.0, 9600.0, 9600.0, 9600.0, 9600.0, 9600.0, 9600.0, 9600.0, 2400.0, 960.0, 2808.0, 2186.0, 1983.0, 3028.0, 2807.0, 1907.0, 1663.0, 4811.0, 4622.0, 4800.0, 2160.0]
[1920.0, 7680.0, 9600.0, 9600.0, 9600.0, 9600.0, 9600.0, 9600.0, 9600.0, 9600.0, 9600.0, 2400.0, 960.0, 2776.0, 2146.0, 1954.0, 3000.0, 2704.0, 1766.0, 1626.0, 4811.0, 4618.0, 4800.0, 2160.0]
[1920.0, 7680.0, 9600.0, 9600.0, 9600.0, 9600.0, 9600.0, 9600.0, 9600.0, 9600.0, 9600.0, 2400.0, 960.0, 2856.0, 2283.0, 2038.0, 3074.0, 2849.0, 1969.0, 1669.0, 4809.0, 4643.0, 4800.0, 2160.0]
[1920.0, 7680.0, 9600.0, 9600.0, 9600.0, 9600.0, 9600.0, 9600.0, 9600.0, 9600.0, 9600.0, 2400.0, 960.0, 2840.0, 2251.0, 2010.0, 3043.0, 2830.0, 1933.0, 1652.0, 4789.0, 4618.0, 4800.0, 2160.0]
[1920.0, 7680.0, 9600.0, 9600.0, 9600.0, 9600.0, 9600.0, 9600.0, 9600.0, 9600.0, 9600.0, 2400.0, 960.0, 2780.0, 2122.0, 1944.0, 3018.0, 2736.0, 1781.0, 1632.0, 4824.0, 4639.0, 4800.0, 2160.0]
[1920.0, 7680.0, 9600.0, 9600.0, 9600.0, 9600.0, 9600.0, 9600.0, 9600.0, 9600.0, 9600.0, 2400.0, 960.0, 2800.0, 2165.0, 1979.0, 3025.0, 2762.0, 1847.0, 1626.0, 4779.0, 4610.0, 4800.0, 2160.0]
[1920.0, 7680.0, 9600.0, 9600.0, 9600.0, 9600.0, 9600.0, 9600.0, 9600.0, 9600.0, 9600.0, 2400.0, 960.0, 2744.0, 2210.0, 1984.0, 3022.0, 2743.0, 1784.0, 1624.0, 4787.0, 4628.0, 4800.0, 2160.0]
[1920.0, 7680.0, 9600.0, 9600.0, 9600.0, 9600.0, 9600.0, 9600.0, 9600.0, 9600.0, 9600.0, 2400.0, 960.0, 2748.0, 2086.0, 1947.0, 3015.0, 2714.0, 1752.0, 1614.0, 4794.0, 4627.0, 4800.0, 2160.0]
[1920.0, 7680.0, 9600.0, 9600.0, 9600.0, 9600.0, 9600.0, 9600.0, 9600.0, 9600.0, 9600.0, 2400.0, 960.0, 2744.0, 2038.0, 1936.0, 3039.0, 2712.0, 1760.0, 1622.0, 4809.0, 4646.0, 4800.0, 2160.0]
[1920.0, 7680.0, 9600.0, 9600.0, 9600.0, 9600.0, 9600.0, 9600.0, 9600.0, 9600.0, 9600.0, 2400.0, 960.0, 2776.0, 2100.0, 1956.0, 3027.0, 2800.0, 1852.0, 1618.0, 4775.0, 4616.0, 4800.0, 2160.0]
[1920.0, 7680.0, 9600.0, 9600.0, 9600.0, 9600.0, 9600.0, 9600.0, 9600.0, 9600.0, 9600.0, 2400.0, 960.0, 2752.0, 2122.0, 1944.0, 3011.0, 2733.0, 1784.0, 1615.0, 4787.0, 4629.0, 4800.0, 2160.0]
[1920.0, 7680.0, 9600.0, 9600.0, 9600.0, 9600.0, 9600.0, 9600.0, 9600.0, 9600.0, 9600.0, 2400.0, 960.0, 2744.0, 2118.0, 1962.0, 3022.0, 2756.0, 1774.0, 1603.0, 4763.0, 4630.0, 4800.0, 2160.0]
[1920.0, 7680.0, 9600.0, 9600.0, 9600.0, 9600.0, 9600.0, 9600.0, 9600.0, 9600.0, 9600.0, 2400.0, 960.0, 2764.0, 2134.0, 1956.0, 3012.0, 2753.0, 1799.0, 1620.0, 4778.0, 4627.0, 4800.0, 2160.0]
[1920.0, 7680.0, 9600.0, 9600.0, 9600.0, 9600.0, 9600.0, 9600.0, 9600.0, 9600.0, 9600.0, 2400.0, 960.0, 2736.0, 1975.0, 1905.0, 3034.0, 2733.0, 1691.0, 1571.0, 4761.0, 4635.0, 4800.0, 2160.0]
[1920.0, 7680.0, 9600.0, 9600.0, 9600.0, 9600.0, 9600.0, 9600.0, 9600.0, 9600.0, 9600.0, 2400.0, 960.0, 2756.0, 2074.0, 1941.0, 3025.0, 2721.0, 1688.0, 1580.0, 4768.0, 4637.0, 4800.0, 2160.0]
[1920.0, 7680.0, 9600.0, 9600.0, 9600.0, 9600.0, 9600.0, 9600.0, 9600.0, 9600.0, 9600.0, 2400.0, 960.0, 2760.0, 2069.0, 1940.0, 3030.0, 2739.0, 1736.0, 1585.0, 4716.0, 4622.0, 4800.0, 2160.0]
[1920.0, 7680.0, 9600.0, 9600.0, 9600.0, 9600.0, 9600.0, 9600.0, 9600.0, 9600.0, 9600.0, 2400.0, 960.0, 2780.0, 2111.0, 1942.0, 3017.0, 2747.0, 1731.0, 1569.0, 4703.0, 4611.0, 4800.0, 2160.0]
[1920.0, 7680.0, 9600.0, 9600.0, 9600.0, 9600.0, 9600.0, 9600.0, 9600.0, 9600.0, 9600.0, 2400.0, 960.0, 2740.0, 2073.0, 1944.0, 3019.0, 2711.0, 1636.0, 1545.0, 4687.0, 4613.0, 4800.0, 2160.0]
[1920.0, 7680.0, 9600.0, 9600.0, 9600.0, 9600.0, 9600.0, 9600.0, 9600.0, 9600.0, 9600.0, 2400.0, 960.0, 2712.0, 2108.0, 1988.0, 3045.0, 2764.0, 1747.0, 1589.0, 4697.0, 4620.0, 4800.0, 2160.0]
[1920.0, 7680.0, 9600.0, 9600.0, 9600.0, 9600.0, 9600.0, 9600.0, 9600.0, 9600.0, 9600.0, 2400.0, 960.0, 2684.0, 2121.0, 1981.0, 3015.0, 2729.0, 1679.0, 1554.0, 4683.0, 4586.0, 4800.0, 2160.0]
[1920.0, 7680.0, 9600.0, 9600.0, 9600.0, 9600.0, 9600.0, 9600.0, 9600.0, 9600.0, 9600.0, 2400.0, 960.0, 2712.0, 2144.0, 1999.0, 3047.0, 2745.0, 1736.0, 1570.0, 4611.0, 4622.0, 4800.0, 2160.0]
[1920.0, 7680.0, 9600.0, 9600.0, 9600.0, 9600.0, 9600.0, 9600.0, 9600.0, 9600.0, 9600.0, 2400.0, 960.0, 2712.0, 2204.0, 2019.0, 3043.0, 2758.0, 1783.0, 1571.0, 4661.0, 4608.0, 4800.0, 2160.0]
[1920.0, 7680.0, 9600.0, 9600.0, 9600.0, 9600.0, 9600.0, 9600.0, 9600.0, 9600.0, 9600.0, 2400.0, 960.0, 2700.0, 2160.0, 2005.0, 3026.0, 2739.0, 1728.0, 1550.0, 4603.0, 4601.0, 4800.0, 2160.0]
[1920.0, 7680.0, 9600.0, 9600.0, 9600.0, 9600.0, 9600.0, 9600.0, 9600.0, 9600.0, 9600.0, 2400.0, 960.0, 2752.0, 2222.0, 2049.0, 3081.0, 2787.0, 1763.0, 1590.0, 4637.0, 4621.0, 4800.0, 2160.0]
[1920.0, 7680.0, 9600.0, 9600.0, 9600.0, 9600.0, 9600.0, 9600.0, 9600.0, 9600.0, 9600.0, 2400.0, 960.0, 2744.0, 2180.0, 2022.0, 3064.0, 2760.0, 1730.0, 1571.0, 4558.0, 4616.0, 4800.0, 2160.0]
[1920.0, 7680.0, 9600.0, 9600.0, 9600.0, 9600.0, 9600.0, 9600.0, 9600.0, 9600.0, 9600.0, 2400.0, 960.0, 2712.0, 2116.0, 1995.0, 3035.0, 2706.0, 1659.0, 1548.0, 4553.0, 4605.0, 4800.0, 2160.0]
[1920.0, 7680.0, 9600.0, 9600.0, 9600.0, 9600.0, 9600.0, 9600.0, 9600.0, 9600.0, 9600.0, 2400.0, 960.0, 2724.0, 2137.0, 1965.0, 3011.0, 2701.0, 1706.0, 1562.0, 4536.0, 4590.0, 4800.0, 2160.0]
[1920.0, 7680.0, 9600.0, 9600.0, 9600.0, 9600.0, 9600.0, 9600.0, 9600.0, 9600.0, 9600.0, 2400.0, 960.0, 2756.0, 2140.0, 1981.0, 3055.0, 2766.0, 1731.0, 1556.0, 4530.0, 4614.0, 4800.0, 2160.0]
[1920.0, 7680.0, 9600.0, 9600.0, 9600.0, 9600.0, 9600.0, 9600.0, 9600.0, 9600.0, 9600.0, 2400.0, 960.0, 2716.0, 2105.0, 1963.0, 3016.0, 2686.0, 1625.0, 1533.0, 4523.0, 4601.0, 4800.0, 2160.0]
[1920.0, 7680.0, 9600.0, 9600.0, 9600.0, 9600.0, 9600.0, 9600.0, 9600.0, 9600.0, 9600.0, 2400.0, 960.0, 2736.0, 2145.0, 1976.0, 3015.0, 2708.0, 1687.0, 1554.0, 4519.0, 4592.0, 4800.0, 2160.0]
[1920.0, 7680.0, 9600.0, 9600.0, 9600.0, 9600.0, 9600.0, 9600.0, 9600.0, 9600.0, 9600.0, 2400.0, 960.0, 2676.0, 2008.0, 1890.0, 2963.0, 2622.0, 1531.0, 1489.0, 4502.0, 4575.0, 4800.0, 2160.0]
[1920.0, 7680.0, 9600.0, 9600.0, 9600.0, 9600.0, 9600.0, 9600.0, 9600.0, 9600.0, 9600.0, 2400.0, 960.0, 2736.0, 2012.0, 1908.0, 2996.0, 2671.0, 1601.0, 1514.0, 4513.0, 4591.0, 4800.0, 2160.0]
[1920.0, 7680.0, 9600.0, 9600.0, 9600.0, 9600.0, 9600.0, 9600.0, 9600.0, 9600.0, 9600.0, 2400.0, 960.0, 2708.0, 2035.0, 1931.0, 2991.0, 2664.0, 1620.0, 1518.0, 4500.0, 4578.0, 4800.0, 2160.0]
[1920.0, 7680.0, 9600.0, 9600.0, 9600.0, 9600.0, 9600.0, 9600.0, 9600.0, 9600.0, 9600.0, 2400.0, 960.0, 2716.0, 2078.0, 1947.0, 3011.0, 2700.0, 1595.0, 1490.0, 4548.0, 4590.0, 4800.0, 2160.0]
[1920.0, 7680.0, 9600.0, 9600.0, 9600.0, 9600.0, 9600.0, 9600.0, 9600.0, 9600.0, 9600.0, 2400.0, 960.0, 2724.0, 2174.0, 1953.0, 2977.0, 2712.0, 1610.0, 1499.0, 4546.0, 4588.0, 4800.0, 2160.0]
[1920.0, 7680.0, 9600.0, 9600.0, 9600.0, 9600.0, 9600.0, 9600.0, 9600.0, 9600.0, 9600.0, 2400.0, 960.0, 2748.0, 2096.0, 1859.0, 2932.0, 2661.0, 1466.0, 1470.0, 4499.0, 4606.0, 4800.0, 2160.0]
[1920.0, 7680.0, 9600.0, 9600.0, 9600.0, 9600.0, 9600.0, 9600.0, 9600.0, 9600.0, 9600.0, 2400.0, 960.0, 2732.0, 2016.0, 1817.0, 2903.0, 2646.0, 1480.0, 1443.0, 4429.0, 4584.0, 4800.0, 2160.0]
[1920.0, 7680.0, 9600.0, 9600.0, 9600.0, 9600.0, 9600.0, 9600.0, 9600.0, 9600.0, 9600.0, 2400.0, 960.0, 2708.0, 2058.0, 1843.0, 2900.0, 2640.0, 1456.0, 1450.0, 4471.0, 4598.0, 4800.0, 2160.0]
[1920.0, 7680.0, 9600.0, 9600.0, 9600.0, 9600.0, 9600.0, 9600.0, 9600.0, 9600.0, 9600.0, 2400.0, 960.0, 2772.0, 2130.0, 1855.0, 2913.0, 2666.0, 1485.0, 1456.0, 4449.0, 4609.0, 4800.0, 2160.0]
[1920.0, 7680.0, 9600.0, 9600.0, 9600.0, 9600.0, 9600.0, 9600.0, 9600.0, 9600.0, 9600.0, 2400.0, 960.0, 2744.0, 2114.0, 1863.0, 2916.0, 2647.0, 1488.0, 1462.0, 4410.0, 4607.0, 4800.0, 2160.0]
[1920.0, 7680.0, 9600.0, 9600.0, 9600.0, 9600.0, 9600.0, 9600.0, 9600.0, 9600.0, 9600.0, 2400.0, 960.0, 2752.0, 2108.0, 1865.0, 2943.0, 2658.0, 1471.0, 1474.0, 4436.0, 4619.0, 4800.0, 2160.0]
[1920.0, 7680.0, 9600.0, 9600.0, 9600.0, 9600.0, 9600.0, 9600.0, 9600.0, 9600.0, 9600.0, 2400.0, 960.0, 2796.0, 2219.0, 1926.0, 2945.0, 2688.0, 1589.0, 1503.0, 4479.0, 4611.0, 4800.0, 2160.0]
[1920.0, 7680.0, 9600.0, 9600.0, 9600.0, 9600.0, 9600.0, 9600.0, 9600.0, 9600.0, 9600.0, 2400.0, 960.0, 2804.0, 2289.0, 1929.0, 2929.0, 2683.0, 1593.0, 1501.0, 4404.0, 4595.0, 4800.0, 2160.0]
[1920.0, 7680.0, 9600.0, 9600.0, 9600.0, 9600.0, 9600.0, 9600.0, 9600.0, 9600.0, 9600.0, 2400.0, 960.0, 2740.0, 2177.0, 1909.0, 2925.0, 2648.0, 1539.0, 1477.0, 4411.0, 4591.0, 4800.0, 2160.0]
[1920.0, 7680.0, 9600.0, 9600.0, 9600.0, 9600.0, 9600.0, 9600.0, 9600.0, 9600.0, 9600.0, 2400.0, 960.0, 2748.0, 2126.0, 1874.0, 2929.0, 2652.0, 1531.0, 1468.0, 4400.0, 4591.0, 4800.0, 2160.0]
[1920.0, 7680.0, 9600.0, 9600.0, 9600.0, 9600.0, 9600.0, 9600.0, 9600.0, 9600.0, 9600.0, 2400.0, 960.0, 2804.0, 2243.0, 1926.0, 2953.0, 2696.0, 1571.0, 1502.0, 4405.0, 4606.0, 4800.0, 2160.0]
[1920.0, 7680.0, 9600.0, 9600.0, 9600.0, 9600.0, 9600.0, 9600.0, 9600.0, 9600.0, 9600.0, 2400.0, 960.0, 2688.0, 2207.0, 1955.0, 2949.0, 2690.0, 1611.0, 1506.0, 4397.0, 4605.0, 4800.0, 2160.0]
[1920.0, 7680.0, 9600.0, 9600.0, 9600.0, 9600.0, 9600.0, 9600.0, 9600.0, 9600.0, 9600.0, 2400.0, 960.0, 2580.0, 2141.0, 1969.0, 2945.0, 2681.0, 1547.0, 1485.0, 4513.0, 4604.0, 4800.0, 2160.0]
[1920.0, 7680.0, 9600.0, 9600.0, 9600.0, 9600.0, 9600.0, 9600.0, 9600.0, 9600.0, 9600.0, 2400.0, 960.0, 2596.0, 2133.0, 1959.0, 2940.0, 2699.0, 1590.0, 1489.0, 4519.0, 4601.0, 4800.0, 2160.0]
[1920.0, 7680.0, 9600.0, 9600.0, 9600.0, 9600.0, 9600.0, 9600.0, 9600.0, 9600.0, 9600.0, 2400.0, 960.0, 2592.0, 2072.0, 1932.0, 2915.0, 2644.0, 1561.0, 1484.0, 4447.0, 4572.0, 4800.0, 2160.0]
[1920.0, 7680.0, 9600.0, 9600.0, 9600.0, 9600.0, 9600.0, 9600.0, 9600.0, 9600.0, 9600.0, 2400.0, 960.0, 2576.0, 2205.0, 2034.0, 2988.0, 2696.0, 1584.0, 1472.0, 4452.0, 4584.0, 4800.0, 2160.0]
[1920.0, 7680.0, 9600.0, 9600.0, 9600.0, 9600.0, 9600.0, 9600.0, 9600.0, 9600.0, 9600.0, 2400.0, 960.0, 2576.0, 2221.0, 2041.0, 2976.0, 2707.0, 1617.0, 1463.0, 4421.0, 4586.0, 4800.0, 2160.0]
[1920.0, 7680.0, 9600.0, 9600.0, 9600.0, 9600.0, 9600.0, 9600.0, 9600.0, 9600.0, 9600.0, 2400.0, 960.0, 2592.0, 2208.0, 2024.0, 2975.0, 2699.0, 1576.0, 1463.0, 4432.0, 4613.0, 4800.0, 2160.0]
[1920.0, 7680.0, 9600.0, 9600.0, 9600.0, 9600.0, 9600.0, 9600.0, 9600.0, 9600.0, 9600.0, 2400.0, 960.0, 2588.0, 2194.0, 2015.0, 2974.0, 2691.0, 1538.0, 1431.0, 4361.0, 4591.0, 4800.0, 2160.0]
[1920.0, 7680.0, 9600.0, 9600.0, 9600.0, 9600.0, 9600.0, 9600.0, 9600.0, 9600.0, 9600.0, 2400.0, 960.0, 2572.0, 2230.0, 2043.0, 2984.0, 2723.0, 1615.0, 1470.0, 4418.0, 4620.0, 4800.0, 2160.0]
[1920.0, 7680.0, 9600.0, 9600.0, 9600.0, 9600.0, 9600.0, 9600.0, 9600.0, 9600.0, 9600.0, 2400.0, 960.0, 2580.0, 2195.0, 2010.0, 2962.0, 2665.0, 1493.0, 1425.0, 4357.0, 4613.0, 4800.0, 2160.0]
[1920.0, 7680.0, 9600.0, 9600.0, 9600.0, 9600.0, 9600.0, 9600.0, 9600.0, 9600.0, 9600.0, 2400.0, 960.0, 2644.0, 2260.0, 2062.0, 3004.0, 2725.0, 1571.0, 1440.0, 4394.0, 4620.0, 4800.0, 2160.0]
[1920.0, 7680.0, 9600.0, 9600.0, 9600.0, 9600.0, 9600.0, 9600.0, 9600.0, 9600.0, 9600.0, 2400.0, 960.0, 2504.0, 2086.0, 1991.0, 2983.0, 2753.0, 1560.0, 1456.0, 4405.0, 4623.0, 4800.0, 2160.0]
[1920.0, 7680.0, 9600.0, 9600.0, 9600.0, 9600.0, 9600.0, 9600.0, 9600.0, 9600.0, 9600.0, 2400.0, 960.0, 2504.0, 2053.0, 1964.0, 2959.0, 2675.0, 1488.0, 1420.0, 4348.0, 4600.0, 4800.0, 2160.0]
[1920.0, 7680.0, 9600.0, 9600.0, 9600.0, 9600.0, 9600.0, 9600.0, 9600.0, 9600.0, 9600.0, 2400.0, 960.0, 2492.0, 2023.0, 1944.0, 2956.0, 2711.0, 1538.0, 1427.0, 4372.0, 4614.0, 4800.0, 2160.0]
[1920.0, 7680.0, 9600.0, 9600.0, 9600.0, 9600.0, 9600.0, 9600.0, 9600.0, 9600.0, 9600.0, 2400.0, 1220.0, 3467.0, 3697.0, 3812.0, 4294.0, 4010.0, 2274.0, 3381.0, 4932.0, 3474.0, 6720.0, 2400.0]
[1920.0, 7680.0, 9600.0, 9600.0, 9600.0, 9600.0, 9600.0, 9600.0, 9600.0, 9600.0, 9600.0, 2400.0, 1186.0, 3558.0, 3492.0, 3151.0, 4104.0, 3961.0, 2405.0, 3399.0, 5549.0, 4889.0, 7064.0, 2400.0]
[1920.0, 7680.0, 9600.0, 9600.0, 9600.0, 9600.0, 9600.0, 9600.0, 9600.0, 9600.0, 9600.0, 2400.0, 1268.0, 3794.0, 3426.0, 3195.0, 4451.0, 4173.0, 2720.0, 3650.0, 7431.0, 6656.0, 7680.0, 2400.0]
[1920.0, 7680.0, 9600.0, 9600.0, 9600.0, 9600.0, 9600.0, 9600.0, 9600.0, 9600.0, 9600.0, 2400.0, 1308.0, 3916.0, 3480.0, 3550.0, 5234.0, 4987.0, 3181.0, 3934.0, 7841.0, 6786.0, 7680.0, 2400.0]
[1920.0, 7680.0, 9600.0, 9600.0, 9600.0, 9600.0, 9600.0, 9600.0, 9600.0, 9600.0, 9600.0, 2400.0, 1310.0, 3910.0, 3493.0, 3735.0, 5353.0, 5063.0, 3105.0, 3822.0, 7733.0, 6591.0, 7672.0, 2400.0]
[1920.0, 7680.0, 9600.0, 9600.0, 9600.0, 9600.0, 9600.0, 9600.0, 9600.0, 9600.0, 9600.0, 2400.0, 1304.0, 3855.0, 3492.0, 3837.0, 5410.0, 5115.0, 3048.0, 3744.0, 7667.0, 6557.0, 7656.0, 2400.0]
[1920.0, 7680.0, 9600.0, 9600.0, 9600.0, 9600.0, 9600.0, 9600.0, 9600.0, 9600.0, 9600.0, 2400.0, 1300.0, 3810.0, 3480.0, 3807.0, 5454.0, 5221.0, 3075.0, 3803.0, 7743.0, 6562.0, 7680.0, 2400.0]
[1920.0, 7680.0, 9600.0, 9600.0, 9600.0, 9600.0, 9600.0, 9600.0, 9600.0, 9600.0, 9600.0, 2400.0, 1306.0, 3809.0, 3482.0, 3806.0, 5445.0, 5225.0, 2989.0, 3749.0, 7696.0, 6522.0, 7672.0, 2400.0]
[1920.0, 7680.0, 9600.0, 9600.0, 9600.0, 9600.0, 9600.0, 9600.0, 9600.0, 9600.0, 9600.0, 2400.0, 1308.0, 3783.0, 3478.0, 3824.0, 5429.0, 5257.0, 3050.0, 3740.0, 7668.0, 6498.0, 7672.0, 2400.0]
[1920.0, 7680.0, 9600.0, 9600.0, 9600.0, 9600.0, 9600.0, 9600.0, 9600.0, 9600.0, 9600.0, 2400.0, 1310.0, 3770.0, 3487.0, 3816.0, 5465.0, 5273.0, 3054.0, 3739.0, 7646.0, 6565.0, 7680.0, 2400.0]
[1920.0, 7680.0, 9600.0, 9600.0, 9600.0, 9600.0, 9600.0, 9600.0, 9600.0, 9600.0, 9600.0, 2400.0, 1298.0, 3741.0, 3478.0, 3759.0, 5437.0, 5266.0, 3026.0, 3699.0, 7645.0, 6532.0, 7672.0, 2400.0]
[1920.0, 7680.0, 9600.0, 9600.0, 9600.0, 9600.0, 9600.0, 9600.0, 9600.0, 9600.0, 9600.0, 2400.0, 1312.0, 3774.0, 3497.0, 3795.0, 5414.0, 5328.0, 3129.0, 3786.0, 7688.0, 6600.0, 7680.0, 2400.0]
[1920.0, 7680.0, 9600.0, 9600.0, 9600.0, 9600.0, 9600.0, 9600.0, 9600.0, 9600.0, 9600.0, 2400.0, 1316.0, 3763.0, 3503.0, 3846.0, 5392.0, 5297.0, 2895.0, 3656.0, 7660.0, 6568.0, 7680.0, 2400.0]
[1920.0, 7680.0, 9600.0, 9600.0, 9600.0, 9600.0, 9600.0, 9600.0, 9600.0, 9600.0, 9600.0, 2400.0, 1314.0, 3758.0, 3515.0, 3822.0, 5360.0, 5244.0, 2883.0, 3661.0, 7681.0, 6628.0, 7672.0, 2400.0]
[1920.0, 7680.0, 9600.0, 9600.0, 9600.0, 9600.0, 9600.0, 9600.0, 9600.0, 9600.0, 9600.0, 2400.0, 1304.0, 3746.0, 3524.0, 3873.0, 5411.0, 5302.0, 2878.0, 3669.0, 7707.0, 6632.0, 7680.0, 2400.0]
[1920.0, 7680.0, 9600.0, 9600.0, 9600.0, 9600.0, 9600.0, 9600.0, 9600.0, 9600.0, 9600.0, 2400.0, 1310.0, 3748.0, 3525.0, 3849.0, 5363.0, 5276.0, 2864.0, 3658.0, 7687.0, 6626.0, 7680.0, 2400.0]
[1920.0, 7680.0, 9600.0, 9600.0, 9600.0, 9600.0, 9600.0, 9600.0, 9600.0, 9600.0, 9600.0, 2400.0, 1314.0, 3764.0, 3528.0, 3865.0, 5418.0, 5296.0, 2874.0, 3673.0, 7720.0, 6619.0, 7680.0, 2400.0]
[1920.0, 7680.0, 9600.0, 9600.0, 9600.0, 9600.0, 9600.0, 9600.0, 9600.0, 9600.0, 9600.0, 2400.0, 1308.0, 3753.0, 3534.0, 3878.0, 5397.0, 5277.0, 2849.0, 3674.0, 7721.0, 6585.0, 7680.0, 2400.0]
[1920.0, 7680.0, 9600.0, 9600.0, 9600.0, 9600.0, 9600.0, 9600.0, 9600.0, 9600.0, 9600.0, 2400.0, 1312.0, 3744.0, 3536.0, 3883.0, 5391.0, 5217.0, 2876.0, 3718.0, 7671.0, 6560.0, 7672.0, 2400.0]
[1920.0, 7680.0, 9600.0, 9600.0, 9600.0, 9600.0, 9600.0, 9600.0, 9600.0, 9600.0, 9600.0, 2400.0, 1312.0, 3755.0, 3533.0, 3880.0, 5387.0, 5146.0, 2843.0, 3664.0, 7687.0, 6638.0, 7680.0, 2400.0]
[1920.0, 7680.0, 9600.0, 9600.0, 9600.0, 9600.0, 9600.0, 9600.0, 9600.0, 9600.0, 9600.0, 2400.0, 1312.0, 3746.0, 3540.0, 3878.0, 5369.0, 5110.0, 2796.0, 3659.0, 7695.0, 6615.0, 7680.0, 2400.0]
[1920.0, 7680.0, 9600.0, 9600.0, 9600.0, 9600.0, 9600.0, 9600.0, 9600.0, 9600.0, 9600.0, 2400.0, 1302.0, 3738.0, 3533.0, 3894.0, 5384.0, 5125.0, 2687.0, 3682.0, 8024.0, 6845.0, 7680.0, 2400.0]
[1920.0, 7680.0, 9600.0, 9600.0, 9600.0, 9600.0, 9600.0, 9600.0, 9600.0, 9600.0, 9600.0, 2400.0, 1314.0, 3765.0, 3541.0, 3901.0, 5379.0, 5182.0, 2768.0, 3701.0, 8058.0, 6864.0, 7680.0, 2400.0]
[1920.0, 7680.0, 9600.0, 9600.0, 9600.0, 9600.0, 9600.0, 9600.0, 9600.0, 9600.0, 9600.0, 2400.0, 1310.0, 3748.0, 3531.0, 3922.0, 5348.0, 5101.0, 2747.0, 3683.0, 8053.0, 6853.0, 7680.0, 2400.0]
[1920.0, 7680.0, 9600.0, 9600.0, 9600.0, 9600.0, 9600.0, 9600.0, 9600.0, 9600.0, 9600.0, 2400.0, 1304.0, 3734.0, 3521.0, 3900.0, 5330.0, 5098.0, 2740.0, 3674.0, 8016.0, 6817.0, 7680.0, 2400.0]
[1920.0, 7680.0, 9600.0, 9600.0, 9600.0, 9600.0, 9600.0, 9600.0, 9600.0, 9600.0, 9600.0, 2400.0, 1304.0, 3734.0, 3525.0, 3889.0, 5351.0, 5072.0, 2746.0, 3690.0, 8038.0, 6841.0, 7680.0, 2400.0]
[1920.0, 7680.0, 9600.0, 9600.0, 9600.0, 9600.0, 9600.0, 9600.0, 9600.0, 9600.0, 9600.0, 2400.0, 1310.0, 3741.0, 3530.0, 3916.0, 5356.0, 5107.0, 2783.0, 3680.0, 8023.0, 6828.0, 7680.0, 2400.0]
[1920.0, 7680.0, 9600.0, 9600.0, 9600.0, 9600.0, 9600.0, 9600.0, 9600.0, 9600.0, 9600.0, 2400.0, 1314.0, 3747.0, 3550.0, 3925.0, 5365.0, 5083.0, 2792.0, 3689.0, 8039.0, 6879.0, 7680.0, 2400.0]
[1920.0, 7680.0, 9600.0, 9600.0, 9600.0, 9600.0, 9600.0, 9600.0, 9600.0, 9600.0, 9600.0, 2400.0, 1314.0, 3750.0, 3535.0, 3907.0, 5349.0, 5105.0, 2785.0, 3672.0, 8019.0, 6844.0, 7680.0, 2400.0]
[1920.0, 7680.0, 9600.0, 9600.0, 9600.0, 9600.0, 9600.0, 9600.0, 9600.0, 9600.0, 9600.0, 2400.0, 1308.0, 3734.0, 3558.0, 3933.0, 5315.0, 5086.0, 2778.0, 3669.0, 8052.0, 6912.0, 7680.0, 2400.0]
[1920.0, 7680.0, 9600.0, 9600.0, 9600.0, 9600.0, 9600.0, 9600.0, 9600.0, 9600.0, 9600.0, 2400.0, 1302.0, 3732.0, 3565.0, 3880.0, 5278.0, 5139.0, 2811.0, 3685.0, 8060.0, 6876.0, 7680.0, 2400.0]
[1920.0, 7680.0, 9600.0, 9600.0, 9600.0, 9600.0, 9600.0, 9600.0, 9600.0, 9600.0, 9600.0, 2400.0, 1316.0, 3761.0, 3567.0, 3803.0, 5167.0, 5075.0, 2745.0, 3677.0, 8065.0, 6903.0, 7680.0, 2400.0]
[1920.0, 7680.0, 9600.0, 9600.0, 9600.0, 9600.0, 9600.0, 9600.0, 9600.0, 9600.0, 9600.0, 2400.0, 1312.0, 3743.0, 3544.0, 3764.0, 5140.0, 4984.0, 2716.0, 3685.0, 8048.0, 6933.0, 7680.0, 2400.0]
[1920.0, 7680.0, 9600.0, 9600.0, 9600.0, 9600.0, 9600.0, 9600.0, 9600.0, 9600.0, 9600.0, 2400.0, 1306.0, 3737.0, 3558.0, 3778.0, 5107.0, 5016.0, 2756.0, 3675.0, 8051.0, 6917.0, 7680.0, 2400.0]
[1920.0, 7680.0, 9600.0, 9600.0, 9600.0, 9600.0, 9600.0, 9600.0, 9600.0, 9600.0, 9600.0, 2400.0, 1308.0, 3745.0, 3576.0, 3800.0, 5134.0, 5042.0, 2781.0, 3676.0, 8037.0, 6925.0, 7680.0, 2400.0]
[1920.0, 7680.0, 9600.0, 9600.0, 9600.0, 9600.0, 9600.0, 9600.0, 9600.0, 9600.0, 9600.0, 2400.0, 1308.0, 3739.0, 3575.0, 3814.0, 5125.0, 5020.0, 2708.0, 3666.0, 8020.0, 6946.0, 7680.0, 2400.0]
[1920.0, 7680.0, 9600.0, 9600.0, 9600.0, 9600.0, 9600.0, 9600.0, 9600.0, 9600.0, 9600.0, 2400.0, 1308.0, 3735.0, 3570.0, 3787.0, 5086.0, 4954.0, 2682.0, 3690.0, 8078.0, 6940.0, 7680.0, 2400.0]
[1920.0, 7680.0, 9600.0, 9600.0, 9600.0, 9600.0, 9600.0, 9600.0, 9600.0, 9600.0, 9600.0, 2400.0, 1306.0, 3737.0, 3568.0, 3772.0, 5056.0, 4969.0, 2702.0, 3676.0, 8057.0, 6935.0, 7680.0, 2400.0]
[1920.0, 7680.0, 9600.0, 9600.0, 9600.0, 9600.0, 9600.0, 9600.0, 9600.0, 9600.0, 9600.0, 2400.0, 1302.0, 3722.0, 3558.0, 3784.0, 5068.0, 4994.0, 2683.0, 3681.0, 8054.0, 6972.0, 7680.0, 2400.0]
[1920.0, 7680.0, 9600.0, 9600.0, 9600.0, 9600.0, 9600.0, 9600.0, 9600.0, 9600.0, 9600.0, 2400.0, 1308.0, 3734.0, 3536.0, 3723.0, 5083.0, 4936.0, 2651.0, 3670.0, 8056.0, 7004.0, 7680.0, 2400.0]
[1920.0, 7680.0, 9600.0, 9600.0, 9600.0, 9600.0, 9600.0, 9600.0, 9600.0, 9600.0, 9600.0, 2400.0, 1304.0, 3729.0, 3557.0, 3790.0, 5151.0, 4994.0, 2658.0, 3690.0, 8080.0, 6987.0, 7680.0, 2400.0]
[1920.0, 7680.0, 9600.0, 9600.0, 9600.0, 9600.0, 9600.0, 9600.0, 9600.0, 9600.0, 9600.0, 2400.0, 1300.0, 3710.0, 3556.0, 3805.0, 5158.0, 5031.0, 2647.0, 3664.0, 8067.0, 7050.0, 7680.0, 2400.0]
[1920.0, 7680.0, 9600.0, 9600.0, 9600.0, 9600.0, 9600.0, 9600.0, 9600.0, 9600.0, 9600.0, 2400.0, 1308.0, 3691.0, 3572.0, 3880.0, 5178.0, 5048.0, 2668.0, 3672.0, 8191.0, 7120.0, 7680.0, 2400.0]
[1920.0, 7680.0, 9600.0, 9600.0, 9600.0, 9600.0, 9600.0, 9600.0, 9600.0, 9600.0, 9600.0, 2400.0, 1312.0, 3700.0, 3572.0, 3849.0, 5206.0, 5001.0, 2643.0, 3671.0, 8483.0, 7254.0, 7680.0, 2400.0]
[1920.0, 7680.0, 9600.0, 9600.0, 9600.0, 9600.0, 9600.0, 9600.0, 9600.0, 9600.0, 9600.0, 2400.0, 1308.0, 3692.0, 3569.0, 3783.0, 5189.0, 5040.0, 2644.0, 3684.0, 8601.0, 7376.0, 7680.0, 2400.0]
[1920.0, 7680.0, 9600.0, 9600.0, 9600.0, 9600.0, 9600.0, 9600.0, 9600.0, 9600.0, 9600.0, 2400.0, 1302.0, 3682.0, 3573.0, 3736.0, 5142.0, 5010.0, 2600.0, 3694.0, 8634.0, 7407.0, 7680.0, 2400.0]
[1920.0, 7680.0, 9600.0, 9600.0, 9600.0, 9600.0, 9600.0, 9600.0, 9600.0, 9600.0, 9600.0, 2400.0, 1308.0, 3683.0, 3583.0, 3772.0, 5163.0, 5040.0, 2619.0, 3706.0, 8729.0, 7444.0, 7680.0, 2400.0]
[1920.0, 7680.0, 9600.0, 9600.0, 9600.0, 9600.0, 9600.0, 9600.0, 9600.0, 9600.0, 9600.0, 2400.0, 1312.0, 3695.0, 3556.0, 3731.0, 5138.0, 4989.0, 2671.0, 3707.0, 8753.0, 7465.0, 7680.0, 2400.0]
[1920.0, 7680.0, 9600.0, 9600.0, 9600.0, 9600.0, 9600.0, 9600.0, 9600.0, 9600.0, 9600.0, 2400.0, 1292.0, 3664.0, 3544.0, 3703.0, 5102.0, 4930.0, 2533.0, 3682.0, 8713.0, 7483.0, 7680.0, 2400.0]
[1920.0, 7680.0, 9600.0, 9600.0, 9600.0, 9600.0, 9600.0, 9600.0, 9600.0, 9600.0, 9600.0, 2400.0, 1314.0, 3691.0, 3572.0, 3771.0, 5189.0, 4982.0, 2571.0, 3691.0, 8809.0, 7529.0, 7680.0, 2400.0]
[1920.0, 7680.0, 9600.0, 9600.0, 9600.0, 9600.0, 9600.0, 9600.0, 9600.0, 9600.0, 9600.0, 2400.0, 1298.0, 3678.0, 3577.0, 3765.0, 5169.0, 5032.0, 2584.0, 3687.0, 8866.0, 7586.0, 7680.0, 2400.0]
[1920.0, 7680.0, 9600.0, 9600.0, 9600.0, 9600.0, 9600.0, 9600.0, 9600.0, 9600.0, 9600.0, 2400.0, 1300.0, 3680.0, 3585.0, 3701.0, 5134.0, 4984.0, 2604.0, 3691.0, 8768.0, 7524.0, 7680.0, 2400.0]
[1920.0, 7680.0, 9600.0, 9600.0, 9600.0, 9600.0, 9600.0, 9600.0, 9600.0, 9600.0, 9600.0, 2400.0, 1306.0, 3686.0, 3556.0, 3445.0, 4924.0, 4990.0, 2594.0, 3675.0, 8847.0, 7587.0, 7200.0, 2400.0]
[1920.0, 7680.0, 9600.0, 9600.0, 9600.0, 9600.0, 9600.0, 9600.0, 9600.0, 9600.0, 9600.0, 2400.0, 1318.0, 3693.0, 3571.0, 3193.0, 4671.0, 4988.0, 2619.0, 3694.0, 8837.0, 7597.0, 6720.0, 2400.0]
[1920.0, 7680.0, 9600.0, 9600.0, 9600.0, 9600.0, 9600.0, 9600.0, 9600.0, 9600.0, 9600.0, 2400.0, 1310.0, 3681.0, 3564.0, 3156.0, 4640.0, 4985.0, 2691.0, 3696.0, 8779.0, 7579.0, 6720.0, 2400.0]
[1920.0, 7680.0, 9600.0, 9600.0, 9600.0, 9600.0, 9600.0, 9600.0, 9600.0, 9600.0, 9600.0, 2400.0, 1308.0, 3673.0, 3574.0, 3217.0, 4657.0, 4914.0, 2515.0, 3682.0, 8815.0, 7634.0, 6720.0, 2400.0]
[1920.0, 7680.0, 9600.0, 9600.0, 9600.0, 9600.0, 9600.0, 9600.0, 9600.0, 9600.0, 9600.0, 2400.0, 1306.0, 3659.0, 3565.0, 3200.0, 4625.0, 4926.0, 2530.0, 3691.0, 8842.0, 7706.0, 6720.0, 2400.0]
[1920.0, 7680.0, 9600.0, 9600.0, 9600.0, 9600.0, 9600.0, 9600.0, 9600.0, 9600.0, 9600.0, 2400.0, 1306.0, 3664.0, 3366.0, 3196.0, 4580.0, 4944.0, 2535.0, 3693.0, 8853.0, 7711.0, 6720.0, 2400.0]
[1920.0, 7680.0, 9600.0, 9600.0, 9600.0, 9600.0, 9600.0, 9600.0, 9600.0, 9600.0, 9600.0, 2400.0, 1302.0, 3633.0, 3310.0, 3144.0, 4501.0, 4879.0, 2541.0, 3703.0, 8812.0, 7698.0, 6720.0, 2400.0]
[1920.0, 7680.0, 9600.0, 9600.0, 9600.0, 9600.0, 9600.0, 9600.0, 9600.0, 9600.0, 9600.0, 2400.0, 1310.0, 3588.0, 3356.0, 3234.0, 4554.0, 4987.0, 2583.0, 3703.0, 8865.0, 7714.0, 6720.0, 2400.0]
[1920.0, 7680.0, 9600.0, 9600.0, 9600.0, 9600.0, 9600.0, 9600.0, 9600.0, 9600.0, 9600.0, 2400.0, 1304.0, 3611.0, 3276.0, 3146.0, 4576.0, 4880.0, 2596.0, 3697.0, 8847.0, 7726.0, 6720.0, 2400.0]
[1920.0, 7680.0, 9600.0, 9600.0, 9600.0, 9600.0, 9600.0, 9600.0, 9600.0, 9600.0, 9600.0, 2400.0, 1308.0, 3546.0, 3335.0, 3073.0, 4540.0, 4857.0, 2516.0, 3698.0, 8862.0, 7739.0, 6720.0, 2400.0]
[1920.0, 7680.0, 9600.0, 9600.0, 9600.0, 9600.0, 9600.0, 9600.0, 9600.0, 9600.0, 9600.0, 2400.0, 1314.0, 3543.0, 3339.0, 3090.0, 4545.0, 4873.0, 2529.0, 3702.0, 8851.0, 7738.0, 6720.0, 2400.0]
[1920.0, 7680.0, 9600.0, 9600.0, 9600.0, 9600.0, 9600.0, 9600.0, 9600.0, 9600.0, 9600.0, 2400.0, 1292.0, 3528.0, 3287.0, 3107.0, 4534.0, 4834.0, 2504.0, 3688.0, 8867.0, 7750.0, 6720.0, 2400.0]
[1920.0, 7680.0, 9600.0, 9600.0, 9600.0, 9600.0, 9600.0, 9600.0, 9600.0, 9600.0, 9600.0, 2400.0, 1300.0, 3532.0, 3314.0, 3080.0, 4465.0, 4778.0, 2453.0, 3664.0, 8802.0, 7708.0, 6720.0, 2400.0]
[1920.0, 7680.0, 9600.0, 9600.0, 9600.0, 9600.0, 9600.0, 9600.0, 9600.0, 9600.0, 9600.0, 2400.0, 1312.0, 3522.0, 3331.0, 3123.0, 4504.0, 4875.0, 2513.0, 3716.0, 8857.0, 7718.0, 6720.0, 2400.0]
[1920.0, 7680.0, 9600.0, 9600.0, 9600.0, 9600.0, 9600.0, 9600.0, 9600.0, 9600.0, 9600.0, 2400.0, 1312.0, 3416.0, 3154.0, 3139.0, 4514.0, 4849.0, 2502.0, 3734.0, 8854.0, 7528.0, 6720.0, 2400.0]
[1920.0, 7680.0, 9600.0, 9600.0, 9600.0, 9600.0, 9600.0, 9600.0, 9600.0, 9600.0, 9600.0, 2400.0, 1310.0, 3440.0, 3339.0, 3104.0, 4494.0, 4825.0, 2489.0, 3756.0, 8852.0, 7526.0, 6720.0, 2400.0]
[1920.0, 7680.0, 9600.0, 9600.0, 9600.0, 9600.0, 9600.0, 9600.0, 9600.0, 9600.0, 9600.0, 2400.0, 1314.0, 3452.0, 3315.0, 3105.0, 4496.0, 4819.0, 2476.0, 3771.0, 8889.0, 7577.0, 6720.0, 2400.0]
[1920.0, 7680.0, 9600.0, 9600.0, 9600.0, 9600.0, 9600.0, 9600.0, 9600.0, 9600.0, 9600.0, 2400.0, 1306.0, 3436.0, 3322.0, 3091.0, 4478.0, 4795.0, 2477.0, 3764.0, 8868.0, 7582.0, 6720.0, 2400.0]
[1920.0, 7680.0, 9600.0, 9600.0, 9600.0, 9600.0, 9600.0, 9600.0, 9600.0, 9600.0, 9600.0, 2400.0, 1306.0, 3412.0, 3308.0, 3082.0, 4500.0, 4805.0, 2490.0, 3779.0, 8894.0, 7546.0, 6720.0, 2400.0]
[1920.0, 7680.0, 9600.0, 9600.0, 9600.0, 9600.0, 9600.0, 9600.0, 9600.0, 9600.0, 9600.0, 2400.0, 1304.0, 3374.0, 3268.0, 3091.0, 4491.0, 4813.0, 2470.0, 3768.0, 8857.0, 7523.0, 6720.0, 2400.0]
[1920.0, 7680.0, 9600.0, 9600.0, 9600.0, 9600.0, 9600.0, 9600.0, 9600.0, 9600.0, 9600.0, 2400.0, 1302.0, 3341.0, 3168.0, 3085.0, 4480.0, 4788.0, 2483.0, 3766.0, 8879.0, 7511.0, 6720.0, 2400.0]
[1920.0, 7680.0, 9600.0, 9600.0, 9600.0, 9600.0, 9600.0, 9600.0, 9600.0, 9600.0, 9600.0, 2400.0, 1308.0, 3350.0, 2979.0, 3122.0, 4509.0, 4853.0, 2482.0, 3789.0, 8892.0, 7553.0, 6720.0, 2400.0]
[1920.0, 7680.0, 9600.0, 9600.0, 9600.0, 9600.0, 9600.0, 9600.0, 9600.0, 9600.0, 9600.0, 2400.0, 1300.0, 3329.0, 3047.0, 3092.0, 4508.0, 4832.0, 2495.0, 3769.0, 8899.0, 7550.0, 6720.0, 2400.0]
[1920.0, 7680.0, 9600.0, 9600.0, 9600.0, 9600.0, 9600.0, 9600.0, 9600.0, 9600.0, 9600.0, 2400.0, 1290.0, 3319.0, 2966.0, 3044.0, 4466.0, 4761.0, 2466.0, 3777.0, 8872.0, 7540.0, 6720.0, 2400.0]
[1920.0, 7680.0, 9600.0, 9600.0, 9600.0, 9600.0, 9600.0, 9600.0, 9600.0, 9600.0, 9600.0, 2400.0, 1302.0, 2831.0, 2696.0, 2764.0, 4480.0, 4794.0, 2474.0, 3780.0, 8934.0, 7587.0, 6720.0, 2400.0]
[1920.0, 7680.0, 9600.0, 9600.0, 9600.0, 9600.0, 9600.0, 9600.0, 9600.0, 9600.0, 9600.0, 2400.0, 1266.0, 2827.0, 2835.0, 2744.0, 4484.0, 4779.0, 2465.0, 3771.0, 8880.0, 7564.0, 6720.0, 2400.0]
[1920.0, 7680.0, 9600.0, 9600.0, 9600.0, 9600.0, 9600.0, 9600.0, 9600.0, 9600.0, 9600.0, 2400.0, 1288.0, 2830.0, 2570.0, 2737.0, 4453.0, 4756.0, 2458.0, 3760.0, 8849.0, 7563.0, 6720.0, 2400.0]
[1920.0, 7680.0, 9600.0, 9600.0, 9600.0, 9600.0, 9600.0, 9600.0, 9600.0, 9600.0, 9600.0, 2400.0, 1316.0, 2840.0, 2616.0, 2775.0, 4481.0, 4751.0, 2443.0, 3761.0, 8877.0, 7572.0, 6720.0, 2400.0]
[1920.0, 7680.0, 9600.0, 9600.0, 9600.0, 9600.0, 9600.0, 9600.0, 9600.0, 9600.0, 9600.0, 2400.0, 1300.0, 2853.0, 2648.0, 2776.0, 4468.0, 4789.0, 2492.0, 3785.0, 8908.0, 7620.0, 6720.0, 2400.0]
[1920.0, 7680.0, 9600.0, 9600.0, 9600.0, 9600.0, 9600.0, 9600.0, 9600.0, 9600.0, 9600.0, 2400.0, 1306.0, 2854.0, 2704.0, 2805.0, 4481.0, 4823.0, 2488.0, 3807.0, 8943.0, 7652.0, 6720.0, 2400.0]
[1920.0, 7680.0, 9600.0, 9600.0, 9600.0, 9600.0, 9600.0, 9600.0, 9600.0, 9600.0, 9600.0, 2400.0, 1278.0, 2785.0, 2615.0, 2749.0, 4388.0, 4680.0, 2431.0, 3771.0, 8929.0, 7626.0, 6720.0, 2400.0]
[1920.0, 7680.0, 9600.0, 9600.0, 9600.0, 9600.0, 9600.0, 9600.0, 9600.0, 9600.0, 9600.0, 2400.0, 1300.0, 2808.0, 2587.0, 2727.0, 4336.0, 4677.0, 2470.0, 3783.0, 8907.0, 7621.0, 6720.0, 2400.0]
[1920.0, 7680.0, 9600.0, 9600.0, 9600.0, 9600.0, 9600.0, 9600.0, 9600.0, 9600.0, 9600.0, 2400.0, 1312.0, 2862.0, 2685.0, 2772.0, 4397.0, 4733.0, 2487.0, 3844.0, 8949.0, 7756.0, 6720.0, 2400.0]
[1920.0, 7680.0, 9600.0, 9600.0, 9600.0, 9600.0, 9600.0, 9600.0, 9600.0, 9600.0, 9600.0, 2400.0, 1312.0, 2861.0, 2612.0, 2757.0, 4408.0, 4698.0, 2471.0, 3814.0, 8925.0, 7722.0, 6720.0, 2400.0]
[1920.0, 7680.0, 9600.0, 9600.0, 9600.0, 9600.0, 9600.0, 9600.0, 9600.0, 9600.0, 9600.0, 2400.0, 1316.0, 2858.0, 2670.0, 2782.0, 4396.0, 4757.0, 2506.0, 3824.0, 8950.0, 7709.0, 6720.0, 2400.0]
[1920.0, 7680.0, 9600.0, 9600.0, 9600.0, 9600.0, 9600.0, 9600.0, 9600.0, 9600.0, 9600.0, 2400.0, 1314.0, 2798.0, 2651.0, 2695.0, 4316.0, 4645.0, 2462.0, 3797.0, 8885.0, 7624.0, 6720.0, 2400.0]
[1920.0, 7680.0, 9600.0, 9600.0, 9600.0, 9600.0, 9600.0, 9600.0, 9600.0, 9600.0, 9600.0, 2400.0, 1268.0, 2729.0, 2509.0, 2643.0, 4271.0, 4554.0, 2410.0, 3803.0, 8868.0, 7566.0, 6720.0, 2400.0]
[1920.0, 7680.0, 9600.0, 9600.0, 9600.0, 9600.0, 9600.0, 9600.0, 9600.0, 9600.0, 9600.0, 2400.0, 1268.0, 2726.0, 2500.0, 2624.0, 4303.0, 4532.0, 2409.0, 3808.0, 8906.0, 7585.0, 6720.0, 2400.0]
[1920.0, 7680.0, 9600.0, 9600.0, 9600.0, 9600.0, 9600.0, 9600.0, 9600.0, 9600.0, 9600.0, 2400.0, 1200.0, 2680.0, 2337.0, 2386.0, 4198.0, 4296.0, 2311.0, 3834.0, 8853.0, 7518.0, 6720.0, 2400.0]
[1920.0, 7680.0, 9600.0, 9600.0, 9600.0, 9600.0, 9600.0, 9600.0, 9600.0, 9600.0, 9600.0, 2400.0, 1200.0, 2652.0, 2350.0, 2326.0, 4131.0, 4232.0, 2296.0, 3809.0, 8752.0, 7361.0, 6720.0, 2400.0]
[1920.0, 7680.0, 9600.0, 9600.0, 9600.0, 9600.0, 9600.0, 9600.0, 9600.0, 9600.0, 9600.0, 2400.0, 1268.0, 2738.0, 2527.0, 2613.0, 4280.0, 4507.0, 2430.0, 3842.0, 8887.0, 7583.0, 6720.0, 2400.0]
[1920.0, 7680.0, 9600.0, 9600.0, 9600.0, 9600.0, 9600.0, 9600.0, 9600.0, 9600.0, 9600.0, 2400.0, 1286.0, 2787.0, 2574.0, 2674.0, 4294.0, 4530.0, 2413.0, 3803.0, 8932.0, 7665.0, 6720.0, 2400.0]
[1920.0, 7680.0, 9600.0, 9600.0, 9600.0, 9600.0, 9600.0, 9600.0, 9600.0, 9600.0, 9600.0, 2400.0, 1304.0, 2803.0, 2580.0, 2760.0, 4098.0, 4469.0, 2426.0, 3790.0, 8927.0, 7643.0, 6720.0, 2400.0]
[1920.0, 7680.0, 9600.0, 9600.0, 9600.0, 9600.0, 9600.0, 9600.0, 9600.0, 9600.0, 9600.0, 2400.0, 1304.0, 2790.0, 2617.0, 2757.0, 3865.0, 4420.0, 2464.0, 3827.0, 8935.0, 7644.0, 6720.0, 2400.0]
[1920.0, 7680.0, 9600.0, 9600.0, 9600.0, 9600.0, 9600.0, 9600.0, 9600.0, 9600.0, 9600.0, 2400.0, 1230.0, 2670.0, 2452.0, 2588.0, 3778.0, 4232.0, 2369.0, 3765.0, 8855.0, 7523.0, 6720.0, 2400.0]
[1920.0, 7680.0, 9600.0, 9600.0, 9600.0, 9600.0, 9600.0, 9600.0, 9600.0, 9600.0, 9600.0, 2400.0, 1220.0, 2685.0, 2509.0, 2481.0, 3756.0, 4104.0, 2320.0, 3785.0, 8877.0, 7539.0, 6720.0, 2400.0]
[1920.0, 7680.0, 9600.0, 9600.0, 9600.0, 9600.0, 9600.0, 9600.0, 9600.0, 9600.0, 9600.0, 2400.0, 1254.0, 2722.0, 2543.0, 2618.0, 3807.0, 4302.0, 2405.0, 3794.0, 8919.0, 7604.0, 6720.0, 2400.0]
[1920.0, 7680.0, 9600.0, 9600.0, 9600.0, 9600.0, 9600.0, 9600.0, 9600.0, 9600.0, 9600.0, 2400.0, 1244.0, 2724.0, 2513.0, 2606.0, 3799.0, 4283.0, 2382.0, 3821.0, 8947.0, 7594.0, 6720.0, 2400.0]
